addr	mnemonic	func	funcEntry	instruction
0x00414CDA	MOV	FUN_00414c90	0x00414C90	MOV dword ptr [ESI + 0x2a],ECX
0x00414EDD	CALL	FUN_00414e30	0x00414E30	CALL dword ptr [ECX + 0x2a]
0x00415976	CALL	FUN_00415910	0x00415910	CALL dword ptr [ESI + 0x2a]
0x004159BC	CALL	FUN_00415980	0x00415980	CALL dword ptr [ECX + 0x2a]
0x004159FB	CALL	FUN_00415980	0x00415980	CALL dword ptr [ECX + 0x2a]
0x00415A3A	CALL	FUN_00415980	0x00415980	CALL dword ptr [ECX + 0x2a]
0x00415D57	CALL	FUN_00415d20	0x00415D20	CALL dword ptr [ECX + 0x2a]
0x00415E5E	CALL	FUN_00415dc0	0x00415DC0	CALL dword ptr [ECX + 0x2a]
0x00417E69	CALL	FUN_00417e50	0x00417E50	CALL dword ptr [ECX + 0x2a]
0x00417E9D	CALL	FUN_00417e70	0x00417E70	CALL dword ptr [ECX + 0x2a]
0x0041813B	MOV	FUN_00418100	0x00418100	MOV dword ptr [EAX + 0x2a],ECX
0x004182E4	CALL	FUN_00418270	0x00418270	CALL dword ptr [ECX + 0x2a]
0x004183DD	CALL	FUN_00418340	0x00418340	CALL dword ptr [ESI + 0x2a]
0x004183F3	CALL	FUN_00418340	0x00418340	CALL dword ptr [EDI + 0x2a]
0x00418697	CALL	FUN_00418640	0x00418640	CALL dword ptr [ESI + 0x2a]
0x004186DA	CALL	FUN_004186a0	0x004186A0	CALL dword ptr [ESI + 0x2a]
0x0041873A	CALL	FUN_00418700	0x00418700	CALL dword ptr [ESI + 0x2a]
0x0041876F	CALL	FUN_00418700	0x00418700	CALL dword ptr [ESI + 0x2a]
0x00418805	CALL	FUN_00418790	0x00418790	CALL dword ptr [ESI + 0x2a]
0x00418874	CALL	FUN_00418830	0x00418830	CALL dword ptr [EDI + 0x2a]
0x004189ED	CALL	FUN_00418960	0x00418960	CALL dword ptr [ESI + 0x2a]
0x00418A3D	CALL	FUN_00418a10	0x00418A10	CALL dword ptr [EDI + 0x2a]
0x00418BAC	CALL	FUN_00418ab0	0x00418AB0	CALL dword ptr [EBX + 0x2a]
0x0041902F	CALL	FUN_00418eb0	0x00418EB0	CALL dword ptr [ECX + 0x2a]
0x004190F1	CALL	FUN_00418eb0	0x00418EB0	CALL dword ptr [ESI + 0x2a]
0x00419577	MOV	FUN_004194e0	0x004194E0	MOV dword ptr [ESI + 0x2a],EDX
0x00419622	CALL	FUN_004195e0	0x004195E0	CALL dword ptr [ECX + 0x2a]
0x004196DD	CALL	FUN_004196a0	0x004196A0	CALL dword ptr [ECX + 0x2a]
0x00419795	CALL	FUN_00419740	0x00419740	CALL dword ptr [ECX + 0x2a]
0x00419D3C	MOV	FUN_00419d20	0x00419D20	MOV dword ptr [ESI + 0x2a],EAX
0x00419D8C	CALL	FUN_00419d20	0x00419D20	CALL dword ptr [ESI + 0x2a]
0x00419DC9	CALL	FUN_00419d20	0x00419D20	CALL dword ptr [ESI + 0x2a]
0x00419DF2	CALL	FUN_00419d20	0x00419D20	CALL dword ptr [ESI + 0x2a]
0x00419F61	CALL	FUN_00419ea0	0x00419EA0	CALL dword ptr [ESI + 0x2a]
0x00419FF4	CALL	FUN_00419fd0	0x00419FD0	CALL dword ptr [ECX + 0x2a]
0x0041A00C	CALL	FUN_00419fd0	0x00419FD0	CALL dword ptr [ECX + 0x2a]
0x0041A3DC	CALL	FUN_0041a3c0	0x0041A3C0	CALL dword ptr [ECX + 0x2a]
0x0041A4BE	CALL	FUN_0041a490	0x0041A490	CALL dword ptr [ESI + 0x2a]
0x0041A65E	CALL	FUN_0041a600	0x0041A600	CALL dword ptr [ECX + 0x2a]
0x0041A87E	CALL	FUN_0041a850	0x0041A850	CALL dword ptr [ESI + 0x2a]
0x0041A96F	CALL	FUN_0041a890	0x0041A890	CALL dword ptr [ESI + 0x2a]
0x0041A9AB	CALL	FUN_0041a890	0x0041A890	CALL dword ptr [ESI + 0x2a]
0x0041A9E9	CALL	FUN_0041a9d0	0x0041A9D0	CALL dword ptr [ECX + 0x2a]
0x0041AAD1	CALL	FUN_0041a9d0	0x0041A9D0	CALL dword ptr [ESI + 0x2a]
0x0041AB60	CALL	FUN_0041ab20	0x0041AB20	CALL dword ptr [ECX + 0x2a]
0x0041AB97	CALL	FUN_0041ab20	0x0041AB20	CALL dword ptr [ECX + 0x2a]
0x0041ABCE	CALL	FUN_0041ab20	0x0041AB20	CALL dword ptr [ECX + 0x2a]
0x0041B3BC	CALL	FUN_0041b300	0x0041B300	CALL dword ptr [ESI + 0x2a]
0x0041B572	CALL	FUN_0041b550	0x0041B550	CALL dword ptr [ESI + 0x2a]
0x0041BACB	CALL	FUN_0041baa0	0x0041BAA0	CALL dword ptr [ESI + 0x2a]
0x00421BF7	MOV	FUN_00421ba0	0x00421BA0	MOV DX,word ptr [ECX + 0x2a]
0x00421BFB	MOV	FUN_00421ba0	0x00421BA0	MOV word ptr [EAX + 0x2a],DX
0x00424DEA	CALL	FUN_00424ba0	0x00424BA0	CALL dword ptr [ESI + 0x2a]
0x00426C26	CALL	FUN_004268d0	0x004268D0	CALL dword ptr [ESI + 0x2a]
0x0042C5FA	MOV	FUN_0042c5c0	0x0042C5C0	MOV word ptr [ESI + 0x2a],AX
0x0044FDAF	CALL	FUN_0044fd30	0x0044FD30	CALL dword ptr [ESI + 0x2a]
0x0044FDFD	CALL	FUN_0044fd30	0x0044FD30	CALL dword ptr [ESI + 0x2a]
0x0044FE4B	CALL	FUN_0044fd30	0x0044FD30	CALL dword ptr [ESI + 0x2a]
0x0044FE9A	CALL	FUN_0044fd30	0x0044FD30	CALL dword ptr [ESI + 0x2a]
0x004505C7	MOV	FUN_00450560	0x00450560	MOV dword ptr [ESI + 0x2a],0x4504a0
0x00450B14	CALL	FUN_00450ab0	0x00450AB0	CALL dword ptr [ESI + 0x2a]
0x00450B20	MOV	FUN_00450ab0	0x00450AB0	MOV dword ptr [ESI + 0x2a],0x41bc40
0x00450BDF	CALL	FUN_00450ab0	0x00450AB0	CALL dword ptr [ESI + 0x2a]
0x00450BE8	MOV	FUN_00450ab0	0x00450AB0	MOV dword ptr [ESI + 0x2a],0x450a60
0x00450DF8	CALL	FUN_00450d90	0x00450D90	CALL dword ptr [EBX + 0x2a]
0x00451010	MOV	FUN_00450d90	0x00450D90	MOV dword ptr [EBX + 0x2a],0x41bc40
0x004512CA	CALL	FUN_00450d90	0x00450D90	CALL dword ptr [EBX + 0x2a]
0x004512E1	MOV	FUN_00450d90	0x00450D90	MOV dword ptr [EBX + 0x2a],0x450d40
0x00451343	CALL	FUN_00450d90	0x00450D90	CALL dword ptr [EBX + 0x2a]
0x0045150A	CALL	FUN_004513f0	0x004513F0	CALL dword ptr [ESI + 0x2a]
0x0045153E	MOV	FUN_004513f0	0x004513F0	MOV dword ptr [ESI + 0x2a],0x4503f0
0x00451585	MOV	FUN_004513f0	0x004513F0	MOV dword ptr [ESI + 0x2a],0x450d40
0x004515E2	MOV	FUN_004513f0	0x004513F0	MOV dword ptr [ESI + 0x2a],0x450a60
0x004516A5	MOV	FUN_004513f0	0x004513F0	MOV dword ptr [EAX + 0x2a],0x450470
0x00451701	MOV	FUN_004513f0	0x004513F0	MOV dword ptr [ESI + 0x2a],0x450d40
0x00456EDE	MOV	(none)		MOV dword ptr [ECX + 0x2a],EAX
0x004572B4	CALL	FUN_00457250	0x00457250	CALL dword ptr [ESI + 0x2a]
0x00458BA1	CALL	FUN_00458b30	0x00458B30	CALL dword ptr [ECX + 0x2a]
0x00459308	CALL	FUN_004591d0	0x004591D0	CALL dword ptr [ESI + 0x2a]
0x00460B92	CALL	FUN_00460b20	0x00460B20	CALL dword ptr [ESI + 0x2a]
0x00460C0B	CALL	FUN_00460bb0	0x00460BB0	CALL dword ptr [ESI + 0x2a]
0x004610A0	MOV	FUN_00461020	0x00461020	MOV dword ptr [EAX + 0x2a],0x4cdb40
0x00461BF7	CALL	(none)		CALL dword ptr [EAX + 0x2a]
0x00461C0F	CALL	(none)		CALL dword ptr [EAX + 0x2a]
0x00461D16	CALL	FUN_00461c20	0x00461C20	CALL dword ptr [ESI + 0x2a]
0x00461FCA	CALL	FUN_00461ed0	0x00461ED0	CALL dword ptr [EDI + 0x2a]
0x0046D3B2	CALL	FUN_0046d340	0x0046D340	CALL dword ptr [ESI + 0x2a]
0x0047D77B	MOVSX	FUN_0047d770	0x0047D770	MOVSX EBX,word ptr [ESI + 0x2a]
0x0047DFA5	MOVSX	FUN_0047df90	0x0047DF90	MOVSX ESI,word ptr [EBX + 0x2a]
0x0047E46B	CALL	FUN_0047e440	0x0047E440	CALL dword ptr [ECX + 0x2a]
0x0047E75D	CALL	(none)		CALL dword ptr [ECX + 0x2a]
0x00480B0D	CALL	FUN_00480ae0	0x00480AE0	CALL dword ptr [ECX + 0x2a]
0x00480C0A	CALL	FUN_00480bd0	0x00480BD0	CALL dword ptr [ESI + 0x2a]
0x00480DD3	CALL	FUN_00480d90	0x00480D90	CALL dword ptr [EDI + 0x2a]
0x00481BD5	CALL	FUN_00481b80	0x00481B80	CALL dword ptr [ESI + 0x2a]
0x00481BF5	CALL	FUN_00481b80	0x00481B80	CALL dword ptr [ESI + 0x2a]
0x00481C42	CALL	FUN_00481b80	0x00481B80	CALL dword ptr [ESI + 0x2a]
0x00481C62	CALL	FUN_00481b80	0x00481B80	CALL dword ptr [ESI + 0x2a]
0x00481CB5	CALL	FUN_00481b80	0x00481B80	CALL dword ptr [ESI + 0x2a]
0x00481E23	CALL	FUN_00481de0	0x00481DE0	CALL dword ptr [EDI + 0x2a]
0x0048B2A0	MOV	FUN_0048b250	0x0048B250	MOV AX,word ptr [ESI + 0x2a]
0x00490148	CALL	FUN_00490110	0x00490110	CALL dword ptr [ESI + 0x2a]
0x00490194	CALL	FUN_00490110	0x00490110	CALL dword ptr [ESI + 0x2a]
0x00490439	CALL	FUN_00490300	0x00490300	CALL dword ptr [ESI + 0x2a]
0x004904C0	CALL	FUN_00490300	0x00490300	CALL dword ptr [EDI + 0x2a]
0x004908C8	CALL	FUN_00490850	0x00490850	CALL dword ptr [ESI + 0x2a]
0x004909F0	CALL	FUN_00490960	0x00490960	CALL dword ptr [ESI + 0x2a]
0x00490B9A	CALL	FUN_00490a50	0x00490A50	CALL dword ptr [ESI + 0x2a]
0x00490BCC	CALL	FUN_00490a50	0x00490A50	CALL dword ptr [ESI + 0x2a]
0x00490BFF	CALL	FUN_00490a50	0x00490A50	CALL dword ptr [ESI + 0x2a]
0x00490D3B	CALL	FUN_00490c40	0x00490C40	CALL dword ptr [ESI + 0x2a]
0x00494194	MOV	FUN_00494160	0x00494160	MOV word ptr [EAX + 0x2a],DI
0x004955DC	MOV	FUN_004955c0	0x004955C0	MOV word ptr [EAX + 0x2a],DI
0x00495772	MOV	FUN_004956c0	0x004956C0	MOV CX,word ptr [ESI + 0x2a]
0x004957B1	MOV	FUN_004957a0	0x004957A0	MOV CX,word ptr [ESI + 0x2a]
0x0049584E	MOV	FUN_00495840	0x00495840	MOV DI,word ptr [ESI + 0x2a]
0x00495858	MOVSX	FUN_00495840	0x00495840	MOVSX EDI,word ptr [ESI + 0x2a]
0x004958CF	MOV	FUN_004958c0	0x004958C0	MOV DI,word ptr [ESI + 0x2a]
0x004958F6	MOV	FUN_004958c0	0x004958C0	MOV DI,word ptr [ESI + 0x2a]
0x0049591D	MOV	FUN_004958c0	0x004958C0	MOV AX,word ptr [ESI + 0x2a]
0x0049592F	MOV	FUN_004958c0	0x004958C0	MOV word ptr [ESI + 0x2a],CX
0x00495971	MOV	FUN_004958c0	0x004958C0	MOV word ptr [ESI + 0x2a],DI
0x00495DB0	MOVSX	FUN_00495cb0	0x00495CB0	MOVSX EDI,word ptr [ESI + 0x2a]
0x0049606B	MOV	FUN_00496030	0x00496030	MOV AX,word ptr [ESI + 0x2a]
0x0049608E	MOV	FUN_00496030	0x00496030	MOV word ptr [ESI + 0x2a],DX
0x00496098	MOV	FUN_00496030	0x00496030	MOV DI,word ptr [ESI + 0x2a]
0x004963BB	MOV	FUN_00496360	0x00496360	MOV word ptr [ESI + 0x2a],DX
0x00497034	MOVSX	FUN_00497000	0x00497000	MOVSX EDX,word ptr [EBX + 0x2a]
0x004970A7	MOV	FUN_004970a0	0x004970A0	MOV SI,word ptr [EAX + 0x2a]
0x004974B9	MOV	FUN_00497480	0x00497480	MOV SI,word ptr [EDI + 0x2a]
0x00497549	MOV	FUN_00497530	0x00497530	MOV SI,word ptr [EDI + 0x2a]
0x004976FC	MOV	FUN_004976c0	0x004976C0	MOV SI,word ptr [EDI + 0x2a]
0x00497CEF	MOV	FUN_00497ce0	0x00497CE0	MOV BX,word ptr [ESI + 0x2a]
0x004983B9	MOV	FUN_004983a0	0x004983A0	MOV SI,word ptr [EDI + 0x2a]
0x004983F8	MOV	FUN_004983a0	0x004983A0	MOV SI,word ptr [EDI + 0x2a]
0x004A2F19	CALL	FUN_004a2d60	0x004A2D60	CALL dword ptr [ESI + 0x2a]
0x004A31A8	MOV	FUN_004a3150	0x004A3150	MOV dword ptr [ESI + 0x2a],0x4cdb40
0x004A535A	CALL	FUN_004a5310	0x004A5310	CALL dword ptr [ECX + 0x2a]
0x004A5399	CALL	FUN_004a5310	0x004A5310	CALL dword ptr [ECX + 0x2a]
0x004A55DB	CALL	FUN_004a5570	0x004A5570	CALL dword ptr [ECX + 0x2a]
0x004A5A42	CALL	(none)		CALL dword ptr [EAX + 0x2a]
0x004A69A5	MOV	FUN_004a68d0	0x004A68D0	MOV CX,word ptr [EDI + 0x2a]
0x004AD623	CALL	FUN_004ad5b0	0x004AD5B0	CALL dword ptr [ESI + 0x2a]
0x004AD69A	CALL	FUN_004ad640	0x004AD640	CALL dword ptr [ESI + 0x2a]
0x004ADD15	CALL	FUN_004adb10	0x004ADB10	CALL dword ptr [ECX + 0x2a]
0x004ADD43	CALL	FUN_004adb10	0x004ADB10	CALL dword ptr [EBX + 0x2a]
0x004ADE13	CALL	FUN_004add90	0x004ADD90	CALL dword ptr [ESI + 0x2a]
0x004ADFCD	CALL	FUN_004adf20	0x004ADF20	CALL dword ptr [ESI + 0x2a]
0x004AE6F6	CALL	FUN_004ae660	0x004AE660	CALL dword ptr [ESI + 0x2a]
0x004AF19B	CALL	FUN_004af100	0x004AF100	CALL dword ptr [EAX + 0x2a]
0x004AF629	CALL	FUN_004af5c0	0x004AF5C0	CALL dword ptr [ECX + 0x2a]
0x004AFF07	CALL	FUN_004afea0	0x004AFEA0	CALL dword ptr [ESI + 0x2a]
0x004B0797	CALL	FUN_004b0560	0x004B0560	CALL dword ptr [EBX + 0x2a]
0x004B09E5	MOV	FUN_004b0970	0x004B0970	MOV dword ptr [ESI + 0x2a],0x4b03c0
0x004B0A71	MOV	FUN_004b0970	0x004B0970	MOV dword ptr [ESI + 0x2a],0x4b03c0
0x004B17DD	CALL	FUN_004b14d0	0x004B14D0	CALL dword ptr [EDI + 0x2a]
0x004B3C4E	CALL	FUN_004b3bc0	0x004B3BC0	CALL dword ptr [ESI + 0x2a]
0x004B3CF6	CALL	FUN_004b3bc0	0x004B3BC0	CALL dword ptr [ESI + 0x2a]
0x004B3DCA	CALL	FUN_004b3bc0	0x004B3BC0	CALL dword ptr [ESI + 0x2a]
0x004B3E8C	CALL	FUN_004b3bc0	0x004B3BC0	CALL dword ptr [ESI + 0x2a]
0x004B57F2	CALL	FUN_004b57b0	0x004B57B0	CALL dword ptr [ECX + 0x2a]
0x004B6A0B	CALL	FUN_004b6930	0x004B6930	CALL dword ptr [ESI + 0x2a]
0x004B7EA5	CALL	FUN_004b7e60	0x004B7E60	CALL dword ptr [ESI + 0x2a]
0x004B7EDA	CALL	FUN_004b7e60	0x004B7E60	CALL dword ptr [ESI + 0x2a]
0x004B8258	MOV	FUN_004b8090	0x004B8090	MOV CX,word ptr [EBX + 0x2a]
0x004B8448	CALL	FUN_004b8340	0x004B8340	CALL dword ptr [EDI + 0x2a]
0x004B90DC	CALL	FUN_004b8f10	0x004B8F10	CALL dword ptr [ECX + 0x2a]
0x004B919A	CALL	FUN_004b9170	0x004B9170	CALL dword ptr [ESI + 0x2a]
0x004B98C1	CALL	FUN_004b9830	0x004B9830	CALL dword ptr [ECX + 0x2a]
0x004BA5E4	CALL	FUN_004ba530	0x004BA530	CALL dword ptr [ESI + 0x2a]
0x004BAAF7	CALL	FUN_004baa80	0x004BAA80	CALL dword ptr [EBX + 0x2a]
0x004BB7EF	MOV	FUN_004bb740	0x004BB740	MOV EDI,dword ptr [EAX + 0x2a]
0x004CDB17	CALL	(none)		CALL dword ptr [EAX + 0x2a]
0x004CDB2F	CALL	(none)		CALL dword ptr [EAX + 0x2a]
0x004CDB5D	MOV	(none)		MOV dword ptr [ECX + 0x2a],0x4cdad0
0x004D3985	MOV	FUN_004d3910	0x004D3910	MOV CX,word ptr [EDI + 0x2a]
0x004D3A50	MOV	FUN_004d3910	0x004D3910	MOV CX,word ptr [ESI + 0x2a]
0x004D3BA9	MOV	FUN_004d3b50	0x004D3B50	MOV DX,word ptr [EBX + 0x2a]
0x004D5898	MOV	FUN_004d57b0	0x004D57B0	MOV word ptr [EAX + 0x2a],CX
0x004D58A2	MOV	FUN_004d57b0	0x004D57B0	MOV word ptr [EAX + 0x2a],SI
0x004DD44D	CALL	FUN_004dd220	0x004DD220	CALL dword ptr [ECX + 0x2a]
0x004DD486	CALL	FUN_004dd220	0x004DD220	CALL dword ptr [ESI + 0x2a]
0x004DD524	CALL	FUN_004dd220	0x004DD220	CALL dword ptr [ECX + 0x2a]
0x004DDA58	CALL	FUN_004dd9e0	0x004DD9E0	CALL dword ptr [ECX + 0x2a]
0x004DDED5	CALL	FUN_004dde70	0x004DDE70	CALL dword ptr [EDI + 0x2a]
0x004DF718	CALL	FUN_004df6d0	0x004DF6D0	CALL dword ptr [ECX + 0x2a]
0x004DF72D	CALL	FUN_004df6d0	0x004DF6D0	CALL dword ptr [ECX + 0x2a]
0x004DF856	CALL	FUN_004df740	0x004DF740	CALL dword ptr [ESI + 0x2a]
0x004DFE7B	CALL	FUN_004dfdd0	0x004DFDD0	CALL dword ptr [ESI + 0x2a]
0x004E0E2E	CALL	FUN_004e0dd0	0x004E0DD0	CALL dword ptr [ESI + 0x2a]
0x004E13C1	CALL	FUN_004e1390	0x004E1390	CALL dword ptr [ECX + 0x2a]
0x004E16A3	CALL	FUN_004e1670	0x004E1670	CALL dword ptr [ECX + 0x2a]
0x004E1A4E	CALL	FUN_004e19f0	0x004E19F0	CALL dword ptr [ESI + 0x2a]
0x004E1C58	CALL	(none)		CALL dword ptr [ECX + 0x2a]
0x004E5876	MOV	(none)		MOV dword ptr [ECX + 0x2a],0x418e60
0x004E890B	CALL	FUN_004e88b0	0x004E88B0	CALL dword ptr [ECX + 0x2a]
0x004EBA47	MOV	FUN_004eb9f0	0x004EB9F0	MOV word ptr [ESI + 0x2a],DX
0x004EBB37	MOV	FUN_004ebae0	0x004EBAE0	MOV word ptr [ESI + 0x2a],DX
0x004EBCC1	MOV	FUN_004ebc30	0x004EBC30	MOV word ptr [EAX + 0x2a],DI
0x004ED704	CALL	FUN_004ed640	0x004ED640	CALL dword ptr [EDI + 0x2a]
0x004EDB0A	CALL	FUN_004edaa0	0x004EDAA0	CALL dword ptr [ECX + 0x2a]
0x004F369E	MOV	FUN_004f35d0	0x004F35D0	MOV dword ptr [EAX + 0x2a],0x4f3540
0x004F51F8	CALL	FUN_004f5180	0x004F5180	CALL dword ptr [ECX + 0x2a]
