label	targetAddr	byteOffset	elemIndex	fromAddr	refType	opIndex	isPrimary	funcEntry	funcName	instruction
hudStatState	0x0068C1E0	0	0	0x00458D23	READ	1	true	0x00458CF0	FUN_00458cf0	MOV EAX,[0x0068c1e0]
hudStatState	0x0068C1E0	0	0	0x00458D43	WRITE	0	true	0x00458CF0	FUN_00458cf0	MOV dword ptr [0x0068c1e0],EDI
hudStatState	0x0068C1E0	0	0	0x00459C2A	WRITE	0	true	0x00459B90	FUN_00459b90	MOV [0x0068c1e0],EAX
hudStatState	0x0068C1E0	0	0	0x0042537F	READ	1	true	0x00425310	FUN_00425310	MOV ECX,dword ptr [0x0068c1e0]
hudStatState	0x0068C1E0	0	0	0x00425468	READ	1	true	0x004253D0	FUN_004253d0	MOV EDX,dword ptr [0x0068c1e0]
hudStatState	0x0068C1E0	0	0	0x0042558B	READ	1	true	0x00425510	FUN_00425510	MOV EDX,dword ptr [0x0068c1e0]
hudStatState	0x0068C1E0	0	0	0x0042566B	READ	1	true	0x00425600	FUN_00425600	MOV ECX,dword ptr [0x0068c1e0]
hudStatState	0x0068C1E0	0	0	0x0042582F	READ	1	true	0x00425790	FUN_00425790	MOV ECX,dword ptr [0x0068c1e0]
hudStatState	0x0068C1E0	0	0	0x0042638B	READ	1	true	0x00426300	FUN_00426300	MOV EDX,dword ptr [0x0068c1e0]
hudStatState	0x0068C1E0	0	0	0x004265B2	READ	1	true	0x00426500	FUN_00426500	MOV ECX,dword ptr [0x0068c1e0]
hudStatState	0x0068C1E0	0	0	0x00426795	READ	1	true	0x004266F0	FUN_004266f0	MOV ECX,dword ptr [0x0068c1e0]
hudStatState	0x0068C1E0	0	0	0x00426A33	READ	1	true	0x004268D0	FUN_004268d0	MOV EDX,dword ptr [0x0068c1e0]
hudStatState	0x0068C1E0	0	0	0x004270DB	READ	1	true	0x00426FF0	FUN_00426ff0	MOV ECX,dword ptr [0x0068c1e0]
hudStatState	0x0068C1E0	0	0	0x004589F0	READ	1	true	0x00458900	FUN_00458900	MOV EAX,[0x0068c1e0]
hudStatState	0x0068C1E4	4	1	0x00459A55	READ	0	true	0x004599A0	FUN_004599a0	CMP byte ptr [0x0068c1e4],AL
hudStatState	0x0068C1E4	4	1	0x00459A6D	WRITE	0	true	0x004599A0	FUN_004599a0	MOV [0x0068c1e4],AL
hudStatState	0x0068C1E4	4	1	0x00459A8E	WRITE	0	true	0x004599A0	FUN_004599a0	MOV byte ptr [0x0068c1e4],DL
hudStatState	0x0068C1E4	4	1	0x00458D50	READ	1	true	0x00458D50	FUN_00458d50	MOVZX ECX,byte ptr [0x0068c1e4]
hudStatState	0x0068C1E4	4	1	0x00458EBA	READ	0	true	0x00458E90	FUN_00458e90	CMP byte ptr [0x0068c1e4],AL
hudStatState	0x0068C1E4	4	1	0x00458ED2	WRITE	0	true	0x00458E90	FUN_00458e90	MOV [0x0068c1e4],AL
hudStatState	0x0068C1E5	5	1	0x0045815C	WRITE	0	true	0x00458120	FUN_00458120	MOV byte ptr [0x0068c1e5],BL
hudStatState	0x0068C1E5	5	1	0x00425964	READ	0	true	0x00425960	FUN_00425960	CMP byte ptr [0x0068c1e5],0x1
hudStatState	0x0068C1E5	5	1	0x0042598B	WRITE	0	true	0x00425960	FUN_00425960	MOV byte ptr [0x0068c1e5],0x1
hudStatState	0x0068C1E5	5	1	0x004585C3	WRITE	0	true	0x00458570	FUN_00458570	MOV byte ptr [0x0068c1e5],0x0
hudStatState	0x0068C1E5	5	1	0x00425EE9	WRITE	0	true	0x00425EE0	FUN_00425ee0	MOV byte ptr [0x0068c1e5],0x0
hudStatState	0x0068C1E5	5	1	0x0042619F	READ	0	true	0x00426190	FUN_00426190	CMP byte ptr [0x0068c1e5],0xf
hudStatState	0x0068C1E5	5	1	0x004261C5	WRITE	0	true	0x00426190	FUN_00426190	MOV byte ptr [0x0068c1e5],0xf
hudStatState	0x0068C1E5	5	1	0x00426523	READ	1	true	0x00426500	FUN_00426500	MOV AL,[0x0068c1e5]
hudStatState	0x0068C1E5	5	1	0x0042654D	WRITE	0	true	0x00426500	FUN_00426500	MOV byte ptr [0x0068c1e5],BL
hudStatState	0x0068C1E5	5	1	0x00426711	READ	1	true	0x004266F0	FUN_004266f0	MOV CL,byte ptr [0x0068c1e5]
hudStatState	0x0068C1E5	5	1	0x0042673C	WRITE	0	true	0x004266F0	FUN_004266f0	MOV byte ptr [0x0068c1e5],BL
hudStatState	0x0068C1E5	5	1	0x0042691E	READ	0	true	0x004268D0	FUN_004268d0	CMP byte ptr [0x0068c1e5],0x5
hudStatState	0x0068C1E5	5	1	0x00426942	WRITE	0	true	0x004268D0	FUN_004268d0	MOV byte ptr [0x0068c1e5],0x5
hudStatState	0x0068C1E5	5	1	0x00427040	READ	0	true	0x00426FF0	FUN_00426ff0	CMP byte ptr [0x0068c1e5],0xd
hudStatState	0x0068C1E5	5	1	0x00427056	WRITE	0	true	0x00426FF0	FUN_00426ff0	MOV byte ptr [0x0068c1e5],0xd
hudStatState	0x0068C1E5	5	1	0x004271D0	READ	1	true	0x00426FF0	FUN_00426ff0	MOV AL,[0x0068c1e5]
hudStatState	0x0068C1E5	5	1	0x004271F2	WRITE	0	true	0x00426FF0	FUN_00426ff0	MOV byte ptr [0x0068c1e5],BL
hudStatState	0x0068C1E5	5	1	0x00427577	READ	0	true	0x00427540	FUN_00427540	CMP byte ptr [0x0068c1e5],0xc
hudStatState	0x0068C1E5	5	1	0x0042759B	WRITE	0	true	0x00427540	FUN_00427540	MOV byte ptr [0x0068c1e5],0xc
hudStatState	0x0068C1E5	5	1	0x00426F81	READ	1	true	0x00426F50	FUN_00426f50	MOV AL,[0x0068c1e5]
hudStatState	0x0068C1E5	5	1	0x00426FA1	WRITE	0	true	0x00426F50	FUN_00426f50	MOV byte ptr [0x0068c1e5],BL
hudStatState	0x0068C1E5	5	1	0x004573F2	READ	1	true	0x004573A0	FUN_004573a0	MOVZX EAX,byte ptr [0x0068c1e5]
hudStatState	0x0068C1E8	8	2	0x004B233E	WRITE	0	true	0x004B1FA0	FUN_004b1fa0	MOV [0x0068c1e8],EAX
hudStatState	0x0068C1E8	8	2	0x004DECD6	WRITE	0	true	0x004DEB90	FUN_004deb90	MOV [0x0068c1e8],EAX
hudStatState	0x0068C1E8	8	2	0x0048A078	WRITE	0	true	0x00489FC0	FUN_00489fc0	MOV [0x0068c1e8],EAX
hudStatState	0x0068C1E8	8	2	0x0049F0DE	WRITE	0	true	0x0049EFA0	FUN_0049efa0	MOV dword ptr [0x0068c1e8],EBX
hudStatState	0x0068C1E8	8	2	0x0049F822	WRITE	0	true	0x0049F7A0	FUN_0049f7a0	MOV dword ptr [0x0068c1e8],ESI
hudStatState	0x0068C1E8	8	2	0x0049B5F6	WRITE	0	true	0x0049B5B0	FUN_0049b5b0	MOV dword ptr [0x0068c1e8],ECX
hudStatState	0x0068C1E8	8	2	0x004917F4	WRITE	0	true	0x00491790	FUN_00491790	MOV dword ptr [0x0068c1e8],EDX
hudStatState	0x0068C1E8	8	2	0x0049FFCC	WRITE	0	true	0x0049FED0	FUN_0049fed0	MOV dword ptr [0x0068c1e8],EDI
hudStatState	0x0068C1E8	8	2	0x00492D78	WRITE	0	true	0x00492CC0	FUN_00492cc0	MOV dword ptr [0x0068c1e8],EBX
hudStatState	0x0068C1E8	8	2	0x0049F363	WRITE	0	true	0x0049F170	FUN_0049f170	MOV [0x0068c1e8],EAX
hudStatState	0x0068C1E8	8	2	0x004A02AB	WRITE	0	true	0x004A01F0	FUN_004a01f0	MOV dword ptr [0x0068c1e8],EBX
hudStatState	0x0068C1E8	8	2	0x004A0933	WRITE	0	true	0x004A0740	FUN_004a0740	MOV dword ptr [0x0068c1e8],EBX
hudStatState	0x0068C1E8	8	2	0x00491773	WRITE	0	true	0x004916E0	FUN_004916e0	MOV dword ptr [0x0068c1e8],EBX
hudStatState	0x0068C1E8	8	2	0x0049B480	WRITE	0	true	0x0049B440	FUN_0049b440	MOV dword ptr [0x0068c1e8],ECX
hudStatState	0x0068C1E8	8	2	0x0046495F	WRITE	0	true	0x00464930	FUN_00464930	MOV dword ptr [0x0068c1e8],0x0
hudStatState	0x0068C1E8	8	2	0x004C36D6	WRITE	0	true	0x004C36C0	FUN_004c36c0	MOV [0x0068c1e8],EAX
hudStatState	0x0068C1E8	8	2	0x004C3B96	WRITE	0	true	0x004C3B40	FUN_004c3b40	MOV dword ptr [0x0068c1e8],0x0
hudStatState	0x0068C1E8	8	2	0x004D0900	WRITE	0	true	0x004D0820	FUN_004d0820	MOV [0x0068c1e8],EAX
hudStatState	0x0068C1E8	8	2	0x00496D0D	WRITE	0	true	0x00496B40	FUN_00496b40	MOV [0x0068c1e8],EAX
hudStatState	0x0068C1E8	8	2	0x0045801A	READ	1	true	0x00457FE0	FUN_00457fe0	CMP EAX,dword ptr [0x0068c1e8]
hudStatState	0x0068C1E8	8	2	0x00458033	WRITE	0	true	0x00457FE0	FUN_00457fe0	MOV [0x0068c1e8],EAX
hudStatState	0x0068C1E8	8	2	0x004DEF66	WRITE	0	true	0x004DEED0	FUN_004deed0	MOV dword ptr [0x0068c1e8],0x0
hudStatState	0x0068C1E8	8	2	0x004E804B	WRITE	0	true	0x004E7F70	FUN_004e7f70	MOV dword ptr [0x0068c1e8],EBX
hudStatState	0x0068C1E8	8	2	0x00492F56	WRITE	0	true	0x00492EB0	FUN_00492eb0	MOV dword ptr [0x0068c1e8],ECX
hudStatState	0x0068C1E8	8	2	0x004938E4	WRITE	0	true	0x00493790	FUN_00493790	MOV dword ptr [0x0068c1e8],0x0
hudStatState	0x0068C1E8	8	2	0x00454D63	WRITE	0	true	0x00454D20	FUN_00454d20	MOV dword ptr [0x0068c1e8],EBX
hudStatState	0x0068C1E8	8	2	0x00454DD3	WRITE	0	true	0x00454D90	FUN_00454d90	MOV dword ptr [0x0068c1e8],EBX
hudStatState	0x0068C1E8	8	2	0x004C3C55	WRITE	0	true	0x004C3BB0	FUN_004c3bb0	MOV dword ptr [0x0068c1e8],EBX
hudStatState	0x0068C1E8	8	2	0x004585CA	WRITE	0	true	0x00458570	FUN_00458570	MOV dword ptr [0x0068c1e8],0x0
hudStatState	0x0068C1E8	8	2	0x004F6313	WRITE	0	true	0x004F62D0	FUN_004f62d0	MOV dword ptr [0x0068c1e8],EBX
hudStatState	0x0068C1E8	8	2	0x00491D92	WRITE	0	true	0x00491C20	FUN_00491c20	MOV dword ptr [0x0068c1e8],0x0
hudStatState	0x0068C1E8	8	2	0x004F3E7F	WRITE	0	true	0x004F3E10	FUN_004f3e10	MOV dword ptr [0x0068c1e8],0x0
hudStatState	0x0068C1E8	8	2	0x004F3DDB	WRITE	0	true	0x004F3CA0	FUN_004f3ca0	MOV dword ptr [0x0068c1e8],ESI
hudStatState	0x0068C1E8	8	2	0x004A20FB	WRITE	0	true	0x004A1EF0	FUN_004a1ef0	MOV [0x0068c1e8],EAX
hudStatState	0x0068C1E8	8	2	0x004E7A1E	WRITE	0	true	0x004E78E0	FUN_004e78e0	MOV dword ptr [0x0068c1e8],EBX
hudStatState	0x0068C1E8	8	2	0x0048E1CC	WRITE	0	true	0x0048E190	FUN_0048e190	MOV [0x0068c1e8],EAX
hudStatState	0x0068C1E8	8	2	0x004C1C8E	WRITE	0	true	0x004C1C20	FUN_004c1c20	MOV [0x0068c1e8],EAX
hudStatState	0x0068C1E8	8	2	0x004C1C0A	WRITE	0	true	0x004C1BA0	FUN_004c1ba0	MOV [0x0068c1e8],EAX
hudStatState	0x0068C1E8	8	2	0x004C1B8A	WRITE	0	true	0x004C1B20	FUN_004c1b20	MOV [0x0068c1e8],EAX
hudStatState	0x0068C1E8	8	2	0x004C0011	WRITE	0	true	0x004BFFC0	FUN_004bffc0	MOV dword ptr [0x0068c1e8],0x0
hudStatState	0x0068C1E8	8	2	0x004C1A99	WRITE	0	true	0x004C1990	FUN_004c1990	MOV dword ptr [0x0068c1e8],0x0
hudStatState	0x0068C1E8	8	2	0x004C1039	WRITE	0	true	0x004C0E90	FUN_004c0e90	MOV [0x0068c1e8],EAX
hudStatState	0x0068C1E8	8	2	0x004C0E79	WRITE	0	true	0x004C0CD0	FUN_004c0cd0	MOV [0x0068c1e8],EAX
hudStatState	0x0068C1E8	8	2	0x004C18E6	WRITE	0	true	0x004C1800	FUN_004c1800	MOV dword ptr [0x0068c1e8],EBX
hudStatState	0x0068C1E8	8	2	0x00464D88	WRITE	0	true	0x00464D10	FUN_00464d10	MOV dword ptr [0x0068c1e8],EDI
hudStatState	0x0068C1E8	8	2	0x00464A58	WRITE	0	true	0x004649B0	FUN_004649b0	MOV dword ptr [0x0068c1e8],0x0
hudStatState	0x0068C1E8	8	2	0x004681A1	WRITE	0	true	0x00467FD0	FUN_00467fd0	MOV dword ptr [0x0068c1e8],EBX
hudStatState	0x0068C1E8	8	2	0x004E674E	WRITE	0	true	0x004E6700	FUN_004e6700	MOV dword ptr [0x0068c1e8],EDX
hudStatState	0x0068C1E8	8	2	0x00454972	WRITE	0	true	0x004548B0	FUN_004548b0	MOV dword ptr [0x0068c1e8],EDI
hudStatState	0x0068C1E8	8	2	0x00493B6E	WRITE	0	true	0x00493B10	FUN_00493b10	MOV dword ptr [0x0068c1e8],EBX
hudStatState	0x0068C1E8	8	2	0x00454799	WRITE	0	true	0x004546A0	FUN_004546a0	MOV dword ptr [0x0068c1e8],EBX
hudStatState	0x0068C1E8	8	2	0x0045D0AF	WRITE	0	true	0x0045D040	FUN_0045d040	MOV dword ptr [0x0068c1e8],EDI
hudStatState	0x0068C1E8	8	2	0x004EA655	WRITE	0	true	0x004EA4C0	FUN_004ea4c0	MOV [0x0068c1e8],EAX
hudStatState	0x0068C1E8	8	2	0x0046651B	WRITE	0	true	0x00466440	FUN_00466440	MOV dword ptr [0x0068c1e8],EBX
hudStatState	0x0068C1E8	8	2	0x004E9BF0	WRITE	0	true	0x004E9AA0	FUN_004e9aa0	MOV [0x0068c1e8],EAX
hudStatState	0x0068C1E8	8	2	0x004793F9	WRITE	0	true	0x00479200	FUN_00479200	MOV [0x0068c1e8],EAX
hudStatState	0x0068C1E8	8	2	0x0046642E	WRITE	0	true	0x00466350	FUN_00466350	MOV [0x0068c1e8],EAX
hudStatState	0x0068C1E8	8	2	0x004F3A72	WRITE	0	true	0x004F39A0	FUN_004f39a0	MOV [0x0068c1e8],EAX
hudStatState	0x0068C1E8	8	2	0x0045D2B1	WRITE	0	true	0x0045D0D0	FUN_0045d0d0	MOV dword ptr [0x0068c1e8],EDI
hudStatState	0x0068C1E8	8	2	0x004EA75C	WRITE	0	true	0x004EA670	FUN_004ea670	MOV dword ptr [0x0068c1e8],EDI
hudStatState	0x0068C1E8	8	2	0x004E9F58	WRITE	0	true	0x004E9E60	FUN_004e9e60	MOV dword ptr [0x0068c1e8],0x0
hudStatState	0x0068C1E8	8	2	0x0049B213	WRITE	0	true	0x0049B1E0	FUN_0049b1e0	MOV dword ptr [0x0068c1e8],EBX
hudStatState	0x0068C1E8	8	2	0x004F3B54	WRITE	0	true	0x004F3AF0	FUN_004f3af0	MOV dword ptr [0x0068c1e8],0x0
hudStatState	0x0068C1E8	8	2	0x00455370	WRITE	0	true	0x00455230	FUN_00455230	MOV [0x0068c1e8],EAX
hudStatState	0x0068C1E8	8	2	0x0045520B	WRITE	0	true	0x00455170	FUN_00455170	MOV dword ptr [0x0068c1e8],0x0
hudStatState	0x0068C1E8	8	2	0x0049AF4F	WRITE	0	true	0x0049AEF0	FUN_0049aef0	MOV dword ptr [0x0068c1e8],ESI
hudStatState	0x0068C1E8	8	2	0x00457DEC	WRITE	0	true	0x00457DE0	FUN_00457de0	MOV dword ptr [0x0068c1e8],0x0
hudStatState	0x0068C1E8	8	2	0x00457E1A	READ	1	true	0x00457DE0	FUN_00457de0	CMP ESI,dword ptr [0x0068c1e8]
hudStatState	0x0068C1E8	8	2	0x00457E30	WRITE	0	true	0x00457DE0	FUN_00457de0	MOV dword ptr [0x0068c1e8],ESI
hudStatState	0x0068C1E8	8	2	0x004583CB	WRITE	0	true	0x00458220	FUN_00458220	MOV [0x0068c1e8],EAX
hudStatState	0x0068C1E8	8	2	0x0046FC22	WRITE	0	true	0x0046FB40	FUN_0046fb40	MOV [0x0068c1e8],EAX
hudStatState	0x0068C1E8	8	2	0x0046FDD6	WRITE	0	true	0x0046FB40	FUN_0046fb40	MOV dword ptr [0x0068c1e8],ESI
hudStatState	0x0068C1E8	8	2	0x004C8B34	WRITE	0	true	0x004C8A30	FUN_004c8a30	MOV [0x0068c1e8],EAX
hudStatState	0x0068C1E8	8	2	0x00457E55	READ	1	true	0x00457E40	FUN_00457e40	CMP EAX,dword ptr [0x0068c1e8]
hudStatState	0x0068C1E8	8	2	0x00457E6E	WRITE	0	true	0x00457E40	FUN_00457e40	MOV [0x0068c1e8],EAX
hudStatState	0x0068C1E8	8	2	0x00457EE2	READ	1	true		(none)	CMP ESI,dword ptr [0x0068c1e8]
hudStatState	0x0068C1E8	8	2	0x00457EEF	WRITE	0	true		(none)	MOV dword ptr [0x0068c1e8],0x0
hudStatState	0x0068C1E8	8	2	0x0045846B	READ	1	true		(none)	CMP ESI,dword ptr [0x0068c1e8]
hudStatState	0x0068C1E8	8	2	0x00458478	WRITE	0	true		(none)	MOV dword ptr [0x0068c1e8],0x0
hudStatState	0x0068C1E8	8	2	0x00457F90	READ	1	true		(none)	CMP ESI,dword ptr [0x0068c1e8]
hudStatState	0x0068C1E8	8	2	0x00457F9D	WRITE	0	true		(none)	MOV dword ptr [0x0068c1e8],0x0
hudStatState	0x0068C1EC	12	3	0x004B2343	WRITE	0	true	0x004B1FA0	FUN_004b1fa0	MOV [0x0068c1ec],EAX
hudStatState	0x0068C1EC	12	3	0x004DECDB	WRITE	0	true	0x004DEB90	FUN_004deb90	MOV [0x0068c1ec],EAX
hudStatState	0x0068C1EC	12	3	0x0048A07D	WRITE	0	true	0x00489FC0	FUN_00489fc0	MOV [0x0068c1ec],EAX
hudStatState	0x0068C1EC	12	3	0x0049F0E4	WRITE	0	true	0x0049EFA0	FUN_0049efa0	MOV dword ptr [0x0068c1ec],EBX
hudStatState	0x0068C1EC	12	3	0x0049F828	WRITE	0	true	0x0049F7A0	FUN_0049f7a0	MOV dword ptr [0x0068c1ec],ESI
hudStatState	0x0068C1EC	12	3	0x0049B5FC	WRITE	0	true	0x0049B5B0	FUN_0049b5b0	MOV dword ptr [0x0068c1ec],ECX
hudStatState	0x0068C1EC	12	3	0x004917FA	WRITE	0	true	0x00491790	FUN_00491790	MOV dword ptr [0x0068c1ec],EDX
hudStatState	0x0068C1EC	12	3	0x0049FFD2	WRITE	0	true	0x0049FED0	FUN_0049fed0	MOV dword ptr [0x0068c1ec],EDI
hudStatState	0x0068C1EC	12	3	0x00492D7E	WRITE	0	true	0x00492CC0	FUN_00492cc0	MOV dword ptr [0x0068c1ec],EBX
hudStatState	0x0068C1EC	12	3	0x0049F368	WRITE	0	true	0x0049F170	FUN_0049f170	MOV [0x0068c1ec],EAX
hudStatState	0x0068C1EC	12	3	0x004A02B1	WRITE	0	true	0x004A01F0	FUN_004a01f0	MOV dword ptr [0x0068c1ec],EBX
hudStatState	0x0068C1EC	12	3	0x004A0939	WRITE	0	true	0x004A0740	FUN_004a0740	MOV dword ptr [0x0068c1ec],EBX
hudStatState	0x0068C1EC	12	3	0x00491779	WRITE	0	true	0x004916E0	FUN_004916e0	MOV dword ptr [0x0068c1ec],EBX
hudStatState	0x0068C1EC	12	3	0x0049B486	WRITE	0	true	0x0049B440	FUN_0049b440	MOV dword ptr [0x0068c1ec],ECX
hudStatState	0x0068C1EC	12	3	0x00464969	WRITE	0	true	0x00464930	FUN_00464930	MOV dword ptr [0x0068c1ec],0x0
hudStatState	0x0068C1EC	12	3	0x004C36DB	WRITE	0	true	0x004C36C0	FUN_004c36c0	MOV [0x0068c1ec],EAX
hudStatState	0x0068C1EC	12	3	0x004C3BA0	WRITE	0	true	0x004C3B40	FUN_004c3b40	MOV dword ptr [0x0068c1ec],0x0
hudStatState	0x0068C1EC	12	3	0x004D0905	WRITE	0	true	0x004D0820	FUN_004d0820	MOV [0x0068c1ec],EAX
hudStatState	0x0068C1EC	12	3	0x00496D12	WRITE	0	true	0x00496B40	FUN_00496b40	MOV [0x0068c1ec],EAX
hudStatState	0x0068C1EC	12	3	0x00458029	READ	1	true	0x00457FE0	FUN_00457fe0	CMP EDX,dword ptr [0x0068c1ec]
hudStatState	0x0068C1EC	12	3	0x0045803D	WRITE	0	true	0x00457FE0	FUN_00457fe0	MOV dword ptr [0x0068c1ec],ECX
hudStatState	0x0068C1EC	12	3	0x004DEF70	WRITE	0	true	0x004DEED0	FUN_004deed0	MOV dword ptr [0x0068c1ec],0x0
hudStatState	0x0068C1EC	12	3	0x004E8051	WRITE	0	true	0x004E7F70	FUN_004e7f70	MOV dword ptr [0x0068c1ec],EBX
hudStatState	0x0068C1EC	12	3	0x00492F5C	WRITE	0	true	0x00492EB0	FUN_00492eb0	MOV dword ptr [0x0068c1ec],ECX
hudStatState	0x0068C1EC	12	3	0x004938EE	WRITE	0	true	0x00493790	FUN_00493790	MOV dword ptr [0x0068c1ec],0x0
hudStatState	0x0068C1EC	12	3	0x00454D69	WRITE	0	true	0x00454D20	FUN_00454d20	MOV dword ptr [0x0068c1ec],EBX
hudStatState	0x0068C1EC	12	3	0x00454DD9	WRITE	0	true	0x00454D90	FUN_00454d90	MOV dword ptr [0x0068c1ec],EBX
hudStatState	0x0068C1EC	12	3	0x004C3C5B	WRITE	0	true	0x004C3BB0	FUN_004c3bb0	MOV dword ptr [0x0068c1ec],EBX
hudStatState	0x0068C1EC	12	3	0x004585D4	WRITE	0	true	0x00458570	FUN_00458570	MOV dword ptr [0x0068c1ec],0xffffffff
hudStatState	0x0068C1EC	12	3	0x004F6319	WRITE	0	true	0x004F62D0	FUN_004f62d0	MOV dword ptr [0x0068c1ec],EBX
hudStatState	0x0068C1EC	12	3	0x00491D9C	WRITE	0	true	0x00491C20	FUN_00491c20	MOV dword ptr [0x0068c1ec],0x0
hudStatState	0x0068C1EC	12	3	0x004F3E89	WRITE	0	true	0x004F3E10	FUN_004f3e10	MOV dword ptr [0x0068c1ec],0x0
hudStatState	0x0068C1EC	12	3	0x004F3DE1	WRITE	0	true	0x004F3CA0	FUN_004f3ca0	MOV dword ptr [0x0068c1ec],ESI
hudStatState	0x0068C1EC	12	3	0x004A2100	WRITE	0	true	0x004A1EF0	FUN_004a1ef0	MOV [0x0068c1ec],EAX
hudStatState	0x0068C1EC	12	3	0x004E7A24	WRITE	0	true	0x004E78E0	FUN_004e78e0	MOV dword ptr [0x0068c1ec],EBX
hudStatState	0x0068C1EC	12	3	0x0048E1D1	WRITE	0	true	0x0048E190	FUN_0048e190	MOV [0x0068c1ec],EAX
hudStatState	0x0068C1EC	12	3	0x004C1C93	WRITE	0	true	0x004C1C20	FUN_004c1c20	MOV [0x0068c1ec],EAX
hudStatState	0x0068C1EC	12	3	0x004C1C0F	WRITE	0	true	0x004C1BA0	FUN_004c1ba0	MOV [0x0068c1ec],EAX
hudStatState	0x0068C1EC	12	3	0x004C1B8F	WRITE	0	true	0x004C1B20	FUN_004c1b20	MOV [0x0068c1ec],EAX
hudStatState	0x0068C1EC	12	3	0x004C001B	WRITE	0	true	0x004BFFC0	FUN_004bffc0	MOV dword ptr [0x0068c1ec],0x0
hudStatState	0x0068C1EC	12	3	0x004C1AA3	WRITE	0	true	0x004C1990	FUN_004c1990	MOV dword ptr [0x0068c1ec],0x0
hudStatState	0x0068C1EC	12	3	0x004C103E	WRITE	0	true	0x004C0E90	FUN_004c0e90	MOV [0x0068c1ec],EAX
hudStatState	0x0068C1EC	12	3	0x004C0E7E	WRITE	0	true	0x004C0CD0	FUN_004c0cd0	MOV [0x0068c1ec],EAX
hudStatState	0x0068C1EC	12	3	0x004C18EC	WRITE	0	true	0x004C1800	FUN_004c1800	MOV dword ptr [0x0068c1ec],EBX
hudStatState	0x0068C1EC	12	3	0x00464D8E	WRITE	0	true	0x00464D10	FUN_00464d10	MOV dword ptr [0x0068c1ec],EDI
hudStatState	0x0068C1EC	12	3	0x00464A62	WRITE	0	true	0x004649B0	FUN_004649b0	MOV dword ptr [0x0068c1ec],0x0
hudStatState	0x0068C1EC	12	3	0x004681A7	WRITE	0	true	0x00467FD0	FUN_00467fd0	MOV dword ptr [0x0068c1ec],EBX
hudStatState	0x0068C1EC	12	3	0x004E6754	WRITE	0	true	0x004E6700	FUN_004e6700	MOV dword ptr [0x0068c1ec],EDX
hudStatState	0x0068C1EC	12	3	0x00454978	WRITE	0	true	0x004548B0	FUN_004548b0	MOV dword ptr [0x0068c1ec],EDI
hudStatState	0x0068C1EC	12	3	0x00493B74	WRITE	0	true	0x00493B10	FUN_00493b10	MOV dword ptr [0x0068c1ec],EBX
hudStatState	0x0068C1EC	12	3	0x0045479F	WRITE	0	true	0x004546A0	FUN_004546a0	MOV dword ptr [0x0068c1ec],EBX
hudStatState	0x0068C1EC	12	3	0x0045D0B5	WRITE	0	true	0x0045D040	FUN_0045d040	MOV dword ptr [0x0068c1ec],EDI
hudStatState	0x0068C1EC	12	3	0x004EA65A	WRITE	0	true	0x004EA4C0	FUN_004ea4c0	MOV [0x0068c1ec],EAX
hudStatState	0x0068C1EC	12	3	0x00466521	WRITE	0	true	0x00466440	FUN_00466440	MOV dword ptr [0x0068c1ec],EBX
hudStatState	0x0068C1EC	12	3	0x004E9BF5	WRITE	0	true	0x004E9AA0	FUN_004e9aa0	MOV [0x0068c1ec],EAX
hudStatState	0x0068C1EC	12	3	0x004793FE	WRITE	0	true	0x00479200	FUN_00479200	MOV [0x0068c1ec],EAX
hudStatState	0x0068C1EC	12	3	0x00466433	WRITE	0	true	0x00466350	FUN_00466350	MOV [0x0068c1ec],EAX
hudStatState	0x0068C1EC	12	3	0x004F3A77	WRITE	0	true	0x004F39A0	FUN_004f39a0	MOV [0x0068c1ec],EAX
hudStatState	0x0068C1EC	12	3	0x0045D2B7	WRITE	0	true	0x0045D0D0	FUN_0045d0d0	MOV dword ptr [0x0068c1ec],EDI
hudStatState	0x0068C1EC	12	3	0x004EA762	WRITE	0	true	0x004EA670	FUN_004ea670	MOV dword ptr [0x0068c1ec],EDI
hudStatState	0x0068C1EC	12	3	0x004E9F62	WRITE	0	true	0x004E9E60	FUN_004e9e60	MOV dword ptr [0x0068c1ec],0x0
hudStatState	0x0068C1EC	12	3	0x0049B219	WRITE	0	true	0x0049B1E0	FUN_0049b1e0	MOV dword ptr [0x0068c1ec],EBX
hudStatState	0x0068C1EC	12	3	0x004F3B5E	WRITE	0	true	0x004F3AF0	FUN_004f3af0	MOV dword ptr [0x0068c1ec],0x0
hudStatState	0x0068C1EC	12	3	0x00455375	WRITE	0	true	0x00455230	FUN_00455230	MOV [0x0068c1ec],EAX
hudStatState	0x0068C1EC	12	3	0x00455215	WRITE	0	true	0x00455170	FUN_00455170	MOV dword ptr [0x0068c1ec],0x0
hudStatState	0x0068C1EC	12	3	0x0049AF55	WRITE	0	true	0x0049AEF0	FUN_0049aef0	MOV dword ptr [0x0068c1ec],ESI
hudStatState	0x0068C1EC	12	3	0x00457DF6	WRITE	0	true	0x00457DE0	FUN_00457de0	MOV dword ptr [0x0068c1ec],0xffffffff
hudStatState	0x0068C1EC	12	3	0x00457E28	WRITE	0	true	0x00457DE0	FUN_00457de0	MOV [0x0068c1ec],EAX
hudStatState	0x0068C1EC	12	3	0x004583D0	WRITE	0	true	0x00458220	FUN_00458220	MOV [0x0068c1ec],EAX
hudStatState	0x0068C1EC	12	3	0x0046FC27	WRITE	0	true	0x0046FB40	FUN_0046fb40	MOV [0x0068c1ec],EAX
hudStatState	0x0068C1EC	12	3	0x0046FDDC	WRITE	0	true	0x0046FB40	FUN_0046fb40	MOV dword ptr [0x0068c1ec],ESI
hudStatState	0x0068C1EC	12	3	0x004C8B39	WRITE	0	true	0x004C8A30	FUN_004c8a30	MOV [0x0068c1ec],EAX
hudStatState	0x0068C1EC	12	3	0x00457E64	READ	1	true	0x00457E40	FUN_00457e40	CMP ECX,dword ptr [0x0068c1ec]
hudStatState	0x0068C1EC	12	3	0x00457E78	WRITE	0	true	0x00457E40	FUN_00457e40	MOV dword ptr [0x0068c1ec],EDX
hudStatState	0x0068C1F0	16	4	0x00458139	READ	1	true	0x00458120	FUN_00458120	MOV ESI,dword ptr [0x0068c1f0]
hudStatState	0x0068C1F0	16	4	0x00458196	READ	1	true	0x00458120	FUN_00458120	MOV ECX,dword ptr [0x0068c1f0]
hudStatState	0x0068C1F0	16	4	0x004581C9	READ	1	true	0x00458120	FUN_00458120	MOV EAX,[0x0068c1f0]
hudStatState	0x0068C1F0	16	4	0x00458000	READ	1	true	0x00457FE0	FUN_00457fe0	MOV EDI,dword ptr [0x0068c1f0]
hudStatState	0x0068C1F0	16	4	0x00456EF1	READ	1	true	0x00456EF0	FUN_00456ef0	MOV ESI,dword ptr [0x0068c1f0]
hudStatState	0x0068C1F0	16	4	0x00456F0A	WRITE	0	true	0x00456EF0	FUN_00456ef0	MOV dword ptr [0x0068c1f0],EDI
hudStatState	0x0068C1F0	16	4	0x004586B4	WRITE	0	true	0x00458570	FUN_00458570	MOV dword ptr [0x0068c1f0],ESI
hudStatState	0x0068C1F4	20	5	0x00456F23	READ	1	true	0x00456EF0	FUN_00456ef0	MOV EAX,[0x0068c1f4]
hudStatState	0x0068C1F4	20	5	0x00456F43	WRITE	0	true	0x00456EF0	FUN_00456ef0	MOV dword ptr [0x0068c1f4],EDI
hudStatState	0x0068C1F4	20	5	0x004585A0	WRITE	0	true	0x00458570	FUN_00458570	MOV [0x0068c1f4],EAX
hudStatState	0x0068C1F4	20	5	0x004570C6	READ	1	true	0x004570A0	FUN_004570a0	MOV EAX,[0x0068c1f4]
hudStatState	0x0068C1F8	24	6	0x004B2337	WRITE	0	true	0x004B1FA0	FUN_004b1fa0	MOV byte ptr [0x0068c1f8],0x1
hudStatState	0x0068C1F8	24	6	0x004DECCF	WRITE	0	true	0x004DEB90	FUN_004deb90	MOV byte ptr [0x0068c1f8],0x1
hudStatState	0x0068C1F8	24	6	0x0048A071	WRITE	0	true	0x00489FC0	FUN_00489fc0	MOV byte ptr [0x0068c1f8],0x1
hudStatState	0x0068C1F8	24	6	0x0049F0D8	WRITE	0	true	0x0049EFA0	FUN_0049efa0	MOV byte ptr [0x0068c1f8],CL
hudStatState	0x0068C1F8	24	6	0x0049F81D	WRITE	0	true	0x0049F7A0	FUN_0049f7a0	MOV [0x0068c1f8],AL
hudStatState	0x0068C1F8	24	6	0x0049B5F1	WRITE	0	true	0x0049B5B0	FUN_0049b5b0	MOV [0x0068c1f8],AL
hudStatState	0x0068C1F8	24	6	0x004917EF	WRITE	0	true	0x00491790	FUN_00491790	MOV [0x0068c1f8],AL
hudStatState	0x0068C1F8	24	6	0x0049FFC2	WRITE	0	true	0x0049FED0	FUN_0049fed0	MOV byte ptr [0x0068c1f8],BL
hudStatState	0x0068C1F8	24	6	0x00492D95	WRITE	0	true	0x00492CC0	FUN_00492cc0	MOV byte ptr [0x0068c1f8],0x1
hudStatState	0x0068C1F8	24	6	0x0049F35C	WRITE	0	true	0x0049F170	FUN_0049f170	MOV byte ptr [0x0068c1f8],0x1
hudStatState	0x0068C1F8	24	6	0x004A02C8	WRITE	0	true	0x004A01F0	FUN_004a01f0	MOV byte ptr [0x0068c1f8],0x1
hudStatState	0x0068C1F8	24	6	0x004A092C	WRITE	0	true	0x004A0740	FUN_004a0740	MOV byte ptr [0x0068c1f8],0x1
hudStatState	0x0068C1F8	24	6	0x0049176E	WRITE	0	true	0x004916E0	FUN_004916e0	MOV [0x0068c1f8],AL
hudStatState	0x0068C1F8	24	6	0x0049B47B	WRITE	0	true	0x0049B440	FUN_0049b440	MOV [0x0068c1f8],AL
hudStatState	0x0068C1F8	24	6	0x0046494E	WRITE	0	true	0x00464930	FUN_00464930	MOV [0x0068c1f8],AL
hudStatState	0x0068C1F8	24	6	0x004C36CF	WRITE	0	true	0x004C36C0	FUN_004c36c0	MOV [0x0068c1f8],AL
hudStatState	0x0068C1F8	24	6	0x004C3B91	WRITE	0	true	0x004C3B40	FUN_004c3b40	MOV [0x0068c1f8],AL
hudStatState	0x0068C1F8	24	6	0x004D08F9	WRITE	0	true	0x004D0820	FUN_004d0820	MOV byte ptr [0x0068c1f8],0x1
hudStatState	0x0068C1F8	24	6	0x00496D06	WRITE	0	true	0x00496B40	FUN_00496b40	MOV byte ptr [0x0068c1f8],0x1
hudStatState	0x0068C1F8	24	6	0x0045812C	READ	0	true	0x00458120	FUN_00458120	CMP byte ptr [0x0068c1f8],BL
hudStatState	0x0068C1F8	24	6	0x00458162	WRITE	0	true	0x00458120	FUN_00458120	MOV byte ptr [0x0068c1f8],BL
hudStatState	0x0068C1F8	24	6	0x00458173	READ	0	true	0x00458120	FUN_00458120	CMP byte ptr [0x0068c1f8],BL
hudStatState	0x0068C1F8	24	6	0x004581B0	WRITE	0	true	0x00458120	FUN_00458120	MOV byte ptr [0x0068c1f8],BL
hudStatState	0x0068C1F8	24	6	0x004581B8	READ	0	true	0x00458120	FUN_00458120	CMP byte ptr [0x0068c1f8],BL
hudStatState	0x0068C1F8	24	6	0x004581D8	WRITE	0	true	0x00458120	FUN_00458120	MOV byte ptr [0x0068c1f8],BL
hudStatState	0x0068C1F8	24	6	0x004DEF5F	WRITE	0	true	0x004DEED0	FUN_004deed0	MOV byte ptr [0x0068c1f8],0x1
hudStatState	0x0068C1F8	24	6	0x004E8063	WRITE	0	true	0x004E7F70	FUN_004e7f70	MOV [0x0068c1f8],AL
hudStatState	0x0068C1F8	24	6	0x00492F51	WRITE	0	true	0x00492EB0	FUN_00492eb0	MOV [0x0068c1f8],AL
hudStatState	0x0068C1F8	24	6	0x004938DD	WRITE	0	true	0x00493790	FUN_00493790	MOV byte ptr [0x0068c1f8],0x1
hudStatState	0x0068C1F8	24	6	0x00454D5E	WRITE	0	true	0x00454D20	FUN_00454d20	MOV [0x0068c1f8],AL
hudStatState	0x0068C1F8	24	6	0x00454DCE	WRITE	0	true	0x00454D90	FUN_00454d90	MOV [0x0068c1f8],AL
hudStatState	0x0068C1F8	24	6	0x004C3C6B	WRITE	0	true	0x004C3BB0	FUN_004c3bb0	MOV [0x0068c1f8],AL
hudStatState	0x0068C1F8	24	6	0x004585BC	WRITE	0	true	0x00458570	FUN_00458570	MOV byte ptr [0x0068c1f8],0x1
hudStatState	0x0068C1F8	24	6	0x004F630E	WRITE	0	true	0x004F62D0	FUN_004f62d0	MOV [0x0068c1f8],AL
hudStatState	0x0068C1F8	24	6	0x00491D8B	WRITE	0	true	0x00491C20	FUN_00491c20	MOV byte ptr [0x0068c1f8],0x1
hudStatState	0x0068C1F8	24	6	0x004F3E7A	WRITE	0	true	0x004F3E10	FUN_004f3e10	MOV [0x0068c1f8],AL
hudStatState	0x0068C1F8	24	6	0x004F3DFE	WRITE	0	true	0x004F3CA0	FUN_004f3ca0	MOV byte ptr [0x0068c1f8],0x1
hudStatState	0x0068C1F8	24	6	0x004A20F4	WRITE	0	true	0x004A1EF0	FUN_004a1ef0	MOV byte ptr [0x0068c1f8],0x1
hudStatState	0x0068C1F8	24	6	0x004E7A17	WRITE	0	true	0x004E78E0	FUN_004e78e0	MOV byte ptr [0x0068c1f8],0x1
hudStatState	0x0068C1F8	24	6	0x0048E1C5	WRITE	0	true	0x0048E190	FUN_0048e190	MOV [0x0068c1f8],AL
hudStatState	0x0068C1F8	24	6	0x004C1C87	WRITE	0	true	0x004C1C20	FUN_004c1c20	MOV byte ptr [0x0068c1f8],0x1
hudStatState	0x0068C1F8	24	6	0x004C1C04	WRITE	0	true	0x004C1BA0	FUN_004c1ba0	MOV byte ptr [0x0068c1f8],BL
hudStatState	0x0068C1F8	24	6	0x004C1B84	WRITE	0	true	0x004C1B20	FUN_004c1b20	MOV byte ptr [0x0068c1f8],BL
hudStatState	0x0068C1F8	24	6	0x004C000B	WRITE	0	true	0x004BFFC0	FUN_004bffc0	MOV byte ptr [0x0068c1f8],BL
hudStatState	0x0068C1F8	24	6	0x004C1A94	WRITE	0	true	0x004C1990	FUN_004c1990	MOV [0x0068c1f8],AL
hudStatState	0x0068C1F8	24	6	0x004C1032	WRITE	0	true	0x004C0E90	FUN_004c0e90	MOV byte ptr [0x0068c1f8],0x1
hudStatState	0x0068C1F8	24	6	0x004C0E72	WRITE	0	true	0x004C0CD0	FUN_004c0cd0	MOV byte ptr [0x0068c1f8],0x1
hudStatState	0x0068C1F8	24	6	0x004C1903	WRITE	0	true	0x004C1800	FUN_004c1800	MOV byte ptr [0x0068c1f8],0x1
hudStatState	0x0068C1F8	24	6	0x00464D81	WRITE	0	true	0x00464D10	FUN_00464d10	MOV byte ptr [0x0068c1f8],0x1
hudStatState	0x0068C1F8	24	6	0x00464A51	WRITE	0	true	0x004649B0	FUN_004649b0	MOV byte ptr [0x0068c1f8],0x1
hudStatState	0x0068C1F8	24	6	0x00468197	WRITE	0	true	0x00467FD0	FUN_00467fd0	MOV [0x0068c1f8],AL
hudStatState	0x0068C1F8	24	6	0x004E6748	WRITE	0	true	0x004E6700	FUN_004e6700	MOV byte ptr [0x0068c1f8],CL
hudStatState	0x0068C1F8	24	6	0x0045496C	WRITE	0	true	0x004548B0	FUN_004548b0	MOV byte ptr [0x0068c1f8],BL
hudStatState	0x0068C1F8	24	6	0x00493B67	WRITE	0	true	0x00493B10	FUN_00493b10	MOV [0x0068c1f8],AL
hudStatState	0x0068C1F8	24	6	0x00454792	WRITE	0	true	0x004546A0	FUN_004546a0	MOV byte ptr [0x0068c1f8],0x1
hudStatState	0x0068C1F8	24	6	0x0045D0AA	WRITE	0	true	0x0045D040	FUN_0045d040	MOV [0x0068c1f8],AL
hudStatState	0x0068C1F8	24	6	0x004EA64E	WRITE	0	true	0x004EA4C0	FUN_004ea4c0	MOV byte ptr [0x0068c1f8],0x1
hudStatState	0x0068C1F8	24	6	0x00466514	WRITE	0	true	0x00466440	FUN_00466440	MOV byte ptr [0x0068c1f8],0x1
hudStatState	0x0068C1F8	24	6	0x004E9C09	WRITE	0	true	0x004E9AA0	FUN_004e9aa0	MOV byte ptr [0x0068c1f8],0x1
hudStatState	0x0068C1F8	24	6	0x004793F2	WRITE	0	true	0x00479200	FUN_00479200	MOV [0x0068c1f8],AL
hudStatState	0x0068C1F8	24	6	0x00466427	WRITE	0	true	0x00466350	FUN_00466350	MOV byte ptr [0x0068c1f8],0x1
hudStatState	0x0068C1F8	24	6	0x004F3A6C	WRITE	0	true	0x004F39A0	FUN_004f39a0	MOV byte ptr [0x0068c1f8],DL
hudStatState	0x0068C1F8	24	6	0x0045D2D0	WRITE	0	true	0x0045D0D0	FUN_0045d0d0	MOV byte ptr [0x0068c1f8],0x1
hudStatState	0x0068C1F8	24	6	0x004EA757	WRITE	0	true	0x004EA670	FUN_004ea670	MOV [0x0068c1f8],AL
hudStatState	0x0068C1F8	24	6	0x004E9F53	WRITE	0	true	0x004E9E60	FUN_004e9e60	MOV [0x0068c1f8],AL
hudStatState	0x0068C1F8	24	6	0x0049B20E	WRITE	0	true	0x0049B1E0	FUN_0049b1e0	MOV [0x0068c1f8],AL
hudStatState	0x0068C1F8	24	6	0x004F3B4F	WRITE	0	true	0x004F3AF0	FUN_004f3af0	MOV [0x0068c1f8],AL
hudStatState	0x0068C1F8	24	6	0x00455369	WRITE	0	true	0x00455230	FUN_00455230	MOV byte ptr [0x0068c1f8],0x1
hudStatState	0x0068C1F8	24	6	0x004551FE	WRITE	0	true	0x00455170	FUN_00455170	MOV byte ptr [0x0068c1f8],BL
hudStatState	0x0068C1F8	24	6	0x0049AF6B	WRITE	0	true	0x0049AEF0	FUN_0049aef0	MOV [0x0068c1f8],AL
hudStatState	0x0068C1F8	24	6	0x004583C5	WRITE	0	true	0x00458220	FUN_00458220	MOV byte ptr [0x0068c1f8],BL
hudStatState	0x0068C1F8	24	6	0x0046FC1B	WRITE	0	true	0x0046FB40	FUN_0046fb40	MOV byte ptr [0x0068c1f8],0x1
hudStatState	0x0068C1F8	24	6	0x0046FDFB	WRITE	0	true	0x0046FB40	FUN_0046fb40	MOV byte ptr [0x0068c1f8],0x1
hudStatState	0x0068C1F8	24	6	0x004C8B4F	WRITE	0	true	0x004C8A30	FUN_004c8a30	MOV byte ptr [0x0068c1f8],0x1
hudStatState	0x0068C1F8	24	6	0x004584D9	WRITE	0	true	0x004584C0	FUN_004584c0	MOV byte ptr [0x0068c1f8],0x1
hudStatState	0x0068C1FC	28	7	0x00456F03	READ	1	true	0x00456EF0	FUN_00456ef0	MOV EAX,[0x0068c1fc]
hudStatState	0x0068C1FC	28	7	0x00456F2A	WRITE	0	true	0x00456EF0	FUN_00456ef0	MOV dword ptr [0x0068c1fc],EDI
hudStatState	0x0068C1FC	28	7	0x004585AA	WRITE	0	true	0x00458570	FUN_00458570	MOV [0x0068c1fc],EAX
hudStatState	0x0068C1FC	28	7	0x00456FB6	READ	1	true	0x00456F50	FUN_00456f50	MOV EAX,[0x0068c1fc]
hudStatState	0x0068C200	32	8	0x004568B8	READ	1	true	0x004568B0	FUN_004568b0	MOV ESI,dword ptr [0x0068c200]
hudStatState	0x0068C200	32	8	0x004568CF	READ	1	true	0x004568B0	FUN_004568b0	MOV EAX,[0x0068c200]
hudStatState	0x0068C200	32	8	0x00456A75	WRITE	0	true		(none)	MOV dword ptr [0x0068c200],ECX
hudStatState	0x0068C204	36	9	0x004C37DD	READ	1	true	0x004C3780	FUN_004c3780	MOV EAX,[0x0068c204]
hudStatState	0x0068C204	36	9	0x004C37FD	WRITE	0	true	0x004C3780	FUN_004c3780	MOV dword ptr [0x0068c204],EDI
hudStatState	0x0068C204	36	9	0x00456ABA	WRITE	0	true	0x00456A90	FUN_00456a90	MOV [0x0068c204],EAX
hudStatState	0x0068C204	36	9	0x00456955	READ	1	true	0x004568F0	FUN_004568f0	MOV EAX,[0x0068c204]
hudStatState	0x0068C208	40	10	0x00456AAE	DATA	0	true	0x00456A90	FUN_00456a90	PUSH 0x68c208
hudStatState	0x0068C208	40	10	0x004566F5	DATA	1	true	0x004566B0	FUN_004566b0	MOV CL,byte ptr [EDX + 0x68c208]
hudStatState	0x0068C208	40	10	0x00456703	DATA	1	true	0x004566B0	FUN_004566b0	MOV AL,byte ptr [EDX + 0x68c208]
hudStatState	0x0068C208	40	10	0x00456777	DATA	1	true	0x00456730	FUN_00456730	MOV DL,byte ptr [ECX + 0x68c208]
hudStatState	0x0068C208	40	10	0x0045678B	DATA	1	true	0x00456730	FUN_00456730	MOV DL,byte ptr [ECX + 0x68c208]
hudStatState	0x0068C208	40	10	0x004567A7	DATA	1	true	0x00456730	FUN_00456730	MOV DL,byte ptr [ECX + 0x68c208]
hudStatState	0x0068C208	40	10	0x004567AD	DATA	1	true	0x00456730	FUN_00456730	MOV CL,byte ptr [EAX + 0x68c208]
hudStatState	0x0068C208	40	10	0x00456883	DATA	1	true	0x004567C0	FUN_004567c0	MOV DL,byte ptr [ECX + 0x68c208]
hudStatState	0x0068C20A	42	10	0x004567C5	READ	1	true	0x004567C0	FUN_004567c0	MOV BL,byte ptr [0x0068c20a]
hudStatState	0x0068C20A	42	10	0x00456715	READ	1	true	0x004566B0	FUN_004566b0	MOV AL,[0x0068c20a]
hudStatState	0x0068C220	64	16	0x004F5105	WRITE	0	true	0x004F50F0	FUN_004f50f0	MOV dword ptr [0x0068c220],0x0
hudStatState	0x0068C220	64	16	0x004F5129	READ	1	true	0x004F50F0	FUN_004f50f0	CMP ESI,dword ptr [0x0068c220]
hudStatState	0x0068C220	64	16	0x004F513C	WRITE	0	true	0x004F50F0	FUN_004f50f0	MOV dword ptr [0x0068c220],ESI
hudStatState	0x0068C220	64	16	0x004F5087	READ	1	true	0x004F5070	FUN_004f5070	CMP EAX,dword ptr [0x0068c220]
hudStatState	0x0068C220	64	16	0x004F508F	WRITE	0	true	0x004F5070	FUN_004f5070	MOV [0x0068c220],EAX
hudStatState	0x0068C220	64	16	0x004F50A7	READ	1	true	0x004F5070	FUN_004f5070	CMP EAX,dword ptr [0x0068c220]
hudStatState	0x0068C220	64	16	0x004F50B9	WRITE	0	true	0x004F5070	FUN_004f5070	MOV [0x0068c220],EAX
hudStatState	0x0068C224	68	17	0x004C37C8	READ	1	true	0x004C3780	FUN_004c3780	MOV ESI,dword ptr [0x0068c224]
hudStatState	0x0068C224	68	17	0x004C37E4	WRITE	0	true	0x004C3780	FUN_004c3780	MOV dword ptr [0x0068c224],EDI
hudStatState	0x0068C224	68	17	0x004F53F1	WRITE	0	true	0x004F5300	FUN_004f5300	MOV dword ptr [0x0068c224],ESI
hudStatState	0x0068C228	72	18	0x004F4CF0	READ	1	true	0x004F4CF0	FUN_004f4cf0	MOVZX EAX,byte ptr [0x0068c228]
hudStatState	0x0068C228	72	18	0x004F4DD6	WRITE	0	true	0x004F4DC0	FUN_004f4dc0	MOV [0x0068c228],AL
hudStatState	0x0068C22C	76	19	0x004E59C6	WRITE	0	true	0x004E5990	FUN_004e5990	MOV dword ptr [0x0068c22c],EBX
hudStatState	0x0068C22C	76	19	0x004E5749	DATA	0	true	0x004E5640	FUN_004e5640	PUSH 0x68c22c
selectionHPCache	0x006CA94C	0	0	0x00424985	READ	1	true	0x00424980	FUN_00424980	MOV ECX,dword ptr [0x006ca94c]
selectionHPCache	0x006CA94C	0	0	0x00426F5C	WRITE	0	true	0x00426F50	FUN_00426f50	MOV dword ptr [0x006ca94c],ECX
selectionHPCache	0x006CA94C	0	0	0x00424563	WRITE	0	true	0x00424540	FUN_00424540	MOV dword ptr [EAX + 0x6ca94c],EDX
selectionHPCache	0x006CA94C	0	0	0x00424677	READ	1	true	0x00424660	FUN_00424660	MOV EDI,dword ptr [EDX]
selectionHPCache	0x006CA94C	0	0	0x00424662	DATA	1	true	0x00424660	FUN_00424660	MOV EDX,0x6ca94c
selectionHPCache	0x006CA950	4	1	0x0042458D	WRITE	0	true	0x00424540	FUN_00424540	MOV dword ptr [EAX + 0x6ca950],EDX
selectionHPCache	0x006CA950	4	1	0x00424677	READ	1	false	0x00424660	FUN_00424660	MOV EDI,dword ptr [EDX]
selectionHPCache	0x006CA954	8	2	0x004245B6	WRITE	0	true	0x00424540	FUN_00424540	MOV dword ptr [EAX + 0x6ca954],EDX
selectionHPCache	0x006CA958	12	3	0x004245E0	WRITE	0	true	0x00424540	FUN_00424540	MOV dword ptr [EAX + 0x6ca958],EDX
selectionHPCache	0x006CA95C	16	4	0x0042460A	WRITE	0	true	0x00424540	FUN_00424540	MOV dword ptr [EAX + 0x6ca95c],EDX
selectionHPCache	0x006CA960	20	5	0x00424634	WRITE	0	true	0x00424540	FUN_00424540	MOV dword ptr [EAX + 0x6ca960],EDX
selectionHPCache	0x006CA964	24	6	0x00424563	WRITE	0	false	0x00424540	FUN_00424540	MOV dword ptr [EAX + 0x6ca94c],EDX
selectionHPCache	0x006CA968	28	7	0x0042458D	WRITE	0	false	0x00424540	FUN_00424540	MOV dword ptr [EAX + 0x6ca950],EDX
selectionHPCache	0x006CA96C	32	8	0x004245B6	WRITE	0	false	0x00424540	FUN_00424540	MOV dword ptr [EAX + 0x6ca954],EDX
selectionHPCache	0x006CA970	36	9	0x004245E0	WRITE	0	false	0x00424540	FUN_00424540	MOV dword ptr [EAX + 0x6ca958],EDX
selectionHPCache	0x006CA974	40	10	0x0042460A	WRITE	0	false	0x00424540	FUN_00424540	MOV dword ptr [EAX + 0x6ca95c],EDX
selectionHPCache	0x006CA978	44	11	0x00424634	WRITE	0	false	0x00424540	FUN_00424540	MOV dword ptr [EAX + 0x6ca960],EDX
selectionIDCache	0x006CAD7C	0	0	0x00424576	WRITE	0	true	0x00424540	FUN_00424540	MOV word ptr [ESI + -0x2],CX
selectionIDCache	0x006CAD7C	0	0	0x0042467E	READ	1	true	0x00424660	FUN_00424660	MOV DI,word ptr [ESI]
selectionIDCache	0x006CAD7C	0	0	0x00424667	DATA	1	true	0x00424660	FUN_00424660	MOV ESI,0x6cad7c
selectionIDCache	0x006CAD7E	2	0	0x004245A0	WRITE	0	true	0x00424540	FUN_00424540	MOV word ptr [ESI],CX
selectionIDCache	0x006CAD7E	2	0	0x0042467E	READ	1	false	0x00424660	FUN_00424660	MOV DI,word ptr [ESI]
selectionIDCache	0x006CAD7E	2	0	0x00424541	DATA	1	true	0x00424540	FUN_00424540	MOV ESI,0x6cad7e
selectionIDCache	0x006CAD80	4	1	0x004245C9	WRITE	0	true	0x00424540	FUN_00424540	MOV word ptr [ESI + 0x2],CX
selectionIDCache	0x006CAD82	6	1	0x004245F3	WRITE	0	true	0x00424540	FUN_00424540	MOV word ptr [ESI + 0x4],CX
selectionIDCache	0x006CAD84	8	2	0x0042461D	WRITE	0	true	0x00424540	FUN_00424540	MOV word ptr [ESI + 0x6],CX
selectionIDCache	0x006CAD86	10	2	0x00424647	WRITE	0	true	0x00424540	FUN_00424540	MOV word ptr [ESI + 0x8],CX
selectionIDCache	0x006CAD88	12	3	0x00424576	WRITE	0	false	0x00424540	FUN_00424540	MOV word ptr [ESI + -0x2],CX
selectionIDCache	0x006CAD8A	14	3	0x004245A0	WRITE	0	false	0x00424540	FUN_00424540	MOV word ptr [ESI],CX
selectionIDCache	0x006CAD8C	16	4	0x004245C9	WRITE	0	false	0x00424540	FUN_00424540	MOV word ptr [ESI + 0x2],CX
selectionIDCache	0x006CAD8E	18	4	0x004245F3	WRITE	0	false	0x00424540	FUN_00424540	MOV word ptr [ESI + 0x4],CX
selectionIDCache	0x006CAD90	20	5	0x0042461D	WRITE	0	false	0x00424540	FUN_00424540	MOV word ptr [ESI + 0x6],CX
selectionIDCache	0x006CAD92	22	5	0x00424647	WRITE	0	false	0x00424540	FUN_00424540	MOV word ptr [ESI + 0x8],CX
dialogList	0x006D5E34	0	0	0x00419EB0	READ	1	true	0x00419EA0	FUN_00419ea0	MOV ECX,dword ptr [0x006d5e34]
dialogList	0x006D5E34	0	0	0x00419F0F	READ	1	true	0x00419EA0	FUN_00419ea0	MOV ECX,dword ptr [0x006d5e34]
dialogList	0x006D5E34	0	0	0x0041C781	READ	1	true	0x0041C780	FUN_0041c780	MOV ESI,dword ptr [0x006d5e34]
dialogList	0x006D5E34	0	0	0x0041C371	READ	1	true	0x0041C2C0	FUN_0041c2c0	MOV EDI,dword ptr [0x006d5e34]
dialogList	0x006D5E34	0	0	0x00419FFD	READ	1	true	0x00419FD0	FUN_00419fd0	MOV ECX,dword ptr [0x006d5e34]
dialogList	0x006D5E34	0	0	0x004BB319	READ	1	true	0x004BB300	FUN_004bb300	MOV ECX,dword ptr [0x006d5e34]
dialogList	0x006D5E34	0	0	0x004B5CF5	READ	1	true	0x004B5CC0	FUN_004b5cc0	MOV EAX,[0x006d5e34]
dialogList	0x006D5E34	0	0	0x0041A0B2	READ	1	true	0x0041A080	FUN_0041a080	MOV ECX,dword ptr [0x006d5e34]
dialogList	0x006D5E34	0	0	0x0041A0DD	READ	1	true	0x0041A080	FUN_0041a080	MOV EAX,[0x006d5e34]
dialogList	0x006D5E34	0	0	0x004B59C1	READ	1	true	0x004B59A0	FUN_004b59a0	MOV EAX,[0x006d5e34]
dialogList	0x006D5E34	0	0	0x0041CB5E	READ	1	true	0x0041CB50	FUN_0041cb50	MOV EBX,dword ptr [0x006d5e34]
dialogList	0x006D5E34	0	0	0x0041C7B1	READ	1	true	0x0041C7B0	FUN_0041c7b0	MOV EDI,dword ptr [0x006d5e34]
dialogList	0x006D5E34	0	0	0x004E0E6C	READ	1	true	0x004E0E40	FUN_004e0e40	CMP ESI,dword ptr [0x006d5e34]
dialogList	0x006D5E34	0	0	0x004B5B41	READ	1	true	0x004B5B20	FUN_004b5b20	MOV EAX,[0x006d5e34]
dialogList	0x006D5E34	0	0	0x004B57B9	READ	1	true	0x004B57B0	FUN_004b57b0	MOV ECX,dword ptr [0x006d5e34]
dialogList	0x006D5E34	0	0	0x00418F0D	READ	1	true	0x00418EB0	FUN_00418eb0	MOV EDX,dword ptr [0x006d5e34]
dialogList	0x006D5E34	0	0	0x00418F1B	WRITE	0	true	0x00418EB0	FUN_00418eb0	MOV dword ptr [0x006d5e34],ESI
dialogList	0x006D5E34	0	0	0x00419EC3	READ	1	true	0x00419EA0	FUN_00419ea0	MOV ECX,dword ptr [EAX]
dialogList	0x006D5E34	0	0	0x00419EB8	DATA	1	true	0x00419EA0	FUN_00419ea0	MOV EAX,0x6d5e34
dialogList	0x006D5E34	0	0	0x00419F20	READ	1	true	0x00419EA0	FUN_00419ea0	MOV ECX,dword ptr [EAX]
dialogList	0x006D5E34	0	0	0x00419F17	DATA	1	true	0x00419EA0	FUN_00419ea0	MOV EAX,0x6d5e34
eventDialogs	0x006D5E40	0	0	0x00419FDC	DATA	1	true	0x00419FD0	FUN_00419fd0	MOV ECX,dword ptr [EAX*0x4 + 0x6d5e40]
eventDialogs	0x006D5E40	0	0	0x00419FEB	DATA	1	true	0x00419FD0	FUN_00419fd0	MOV ECX,dword ptr [ECX*0x4 + 0x6d5e40]
eventDialogs	0x006D5E40	0	0	0x004195F0	READ	1	true	0x004195E0	FUN_004195e0	MOV ECX,dword ptr [ESI]
eventDialogs	0x006D5E40	0	0	0x00419625	WRITE	0	true	0x004195E0	FUN_004195e0	MOV dword ptr [ESI],0x0
eventDialogs	0x006D5E40	0	0	0x00419650	READ	0	true	0x00419640	FUN_00419640	CMP dword ptr [EAX],EDX
eventDialogs	0x006D5E40	0	0	0x00419654	WRITE	0	true	0x00419640	FUN_00419640	MOV dword ptr [EAX],ESI
eventDialogs	0x006D5E40	0	0	0x004196A6	DATA	1	true	0x004196A0	FUN_004196a0	MOV ECX,dword ptr [ESI*0x4 + 0x6d5e40]
eventDialogs	0x006D5E40	0	0	0x004196E0	DATA	0	true	0x004196A0	FUN_004196a0	MOV dword ptr [ESI*0x4 + 0x6d5e40],EDI
eventDialogs	0x006D5E40	0	0	0x004195E7	DATA	1	true	0x004195E0	FUN_004195e0	MOV ESI,0x6d5e40
eventDialogs	0x006D5E40	0	0	0x00419641	DATA	1	true	0x00419640	FUN_00419640	MOV EAX,0x6d5e40
eventDialogs	0x006D5E44	4	1	0x004195F0	READ	1	false	0x004195E0	FUN_004195e0	MOV ECX,dword ptr [ESI]
eventDialogs	0x006D5E44	4	1	0x00419650	READ	0	false	0x00419640	FUN_00419640	CMP dword ptr [EAX],EDX
eventDialogs	0x006D5E44	4	1	0x00419654	WRITE	0	false	0x00419640	FUN_00419640	MOV dword ptr [EAX],ESI
eventDialogs	0x006D5E48	8	2	0x00419656	DATA	0	true	0x00419640	FUN_00419640	ADD EAX,0x4
eventDialogs	0x006D5E4C	12	3	0x004159BF	READ	1	true	0x00415980	FUN_00415980	MOV ECX,dword ptr [0x006d5e4c]
eventDialogs	0x006D5E4C	12	3	0x00415A06	WRITE	0	true	0x00415980	FUN_00415980	MOV dword ptr [0x006d5e4c],ESI
eventDialogs	0x006D5E4C	12	3	0x0041AB63	READ	1	true	0x0041AB20	FUN_0041ab20	MOV ECX,dword ptr [0x006d5e4c]
eventDialogs	0x006D5E4C	12	3	0x0041ABA2	WRITE	0	true	0x0041AB20	FUN_0041ab20	MOV dword ptr [0x006d5e4c],ESI
eventDialogs	0x006D5E4C	12	3	0x004A535D	READ	1	true	0x004A5310	FUN_004a5310	MOV ECX,dword ptr [0x006d5e4c]
eventDialogs	0x006D5E4C	12	3	0x004A53A1	WRITE	0	true	0x004A5310	FUN_004a5310	MOV [0x006d5e4c],EAX
eventDialogs	0x006D5E54	20	5	0x00415986	READ	1	true	0x00415980	FUN_00415980	MOV ECX,dword ptr [0x006d5e54]
eventDialogs	0x006D5E54	20	5	0x004159C7	WRITE	0	true	0x00415980	FUN_00415980	MOV dword ptr [0x006d5e54],ESI
eventDialogs	0x006D5E54	20	5	0x0041AB26	READ	1	true	0x0041AB20	FUN_0041ab20	MOV ECX,dword ptr [0x006d5e54]
eventDialogs	0x006D5E54	20	5	0x0041AB6B	WRITE	0	true	0x0041AB20	FUN_0041ab20	MOV dword ptr [0x006d5e54],ESI
eventDialogs	0x006D5E60	32	8	0x004A5321	READ	1	true	0x004A5310	FUN_004a5310	MOV ECX,dword ptr [0x006d5e60]
eventDialogs	0x006D5E60	32	8	0x004A5368	WRITE	0	true	0x004A5310	FUN_004a5310	MOV [0x006d5e60],EAX
eventDialogs	0x006D5E74	52	13	0x004159FE	READ	1	true	0x00415980	FUN_00415980	MOV ECX,dword ptr [0x006d5e74]
eventDialogs	0x006D5E74	52	13	0x00415A41	WRITE	0	true	0x00415980	FUN_00415980	MOV dword ptr [0x006d5e74],ESI
eventDialogs	0x006D5E74	52	13	0x0041AB9A	READ	1	true	0x0041AB20	FUN_0041ab20	MOV ECX,dword ptr [0x006d5e74]
eventDialogs	0x006D5E74	52	13	0x0041ABD8	WRITE	0	true	0x0041AB20	FUN_0041ab20	MOV dword ptr [0x006d5e74],ESI
popupDialog	0x006D5BF4	0	0	0x004F57BE	READ	1	true	0x004F57A0	FUN_004f57a0	MOV ESI,dword ptr [0x006d5bf4]
popupDialog	0x006D5BF4	0	0	0x004F57D9	WRITE	0	true	0x004F57A0	FUN_004f57a0	MOV dword ptr [0x006d5bf4],EBX
popupDialog	0x006D5BF4	0	0	0x004F591A	WRITE	0	true	0x004F57A0	FUN_004f57a0	MOV dword ptr [0x006d5bf4],ESI
popupDialog	0x006D5BF4	0	0	0x004E4A5B	READ	1	true	0x004E4A10	FUN_004e4a10	MOV ESI,dword ptr [0x006d5bf4]
popupDialog	0x006D5BF4	0	0	0x004E4A72	WRITE	0	true	0x004E4A10	FUN_004e4a10	MOV dword ptr [0x006d5bf4],0x0
popupDialog	0x006D5BF4	0	0	0x004EE940	READ	1	true	0x004EE8C0	FUN_004ee8c0	MOV ESI,dword ptr [0x006d5bf4]
popupDialog	0x006D5BF4	0	0	0x004EE957	WRITE	0	true	0x004EE8C0	FUN_004ee8c0	MOV dword ptr [0x006d5bf4],EBX
popupDialog	0x006D5BF4	0	0	0x004F5944	READ	1	true	0x004F5930	FUN_004f5930	MOV ESI,dword ptr [0x006d5bf4]
popupDialog	0x006D5BF4	0	0	0x004F595B	WRITE	0	true	0x004F5930	FUN_004f5930	MOV dword ptr [0x006d5bf4],EBX
popupDialog	0x006D5BF4	0	0	0x004C9810	READ	1	true	0x004C9800	FUN_004c9800	MOV EAX,[0x006d5bf4]
popupDialog	0x006D5BF4	0	0	0x004C9821	WRITE	0	true	0x004C9800	FUN_004c9800	MOV dword ptr [0x006d5bf4],0x0
popupDialog	0x006D5BF4	0	0	0x004F5714	READ	1	true	0x004F5700	FUN_004f5700	MOV ESI,dword ptr [0x006d5bf4]
popupDialog	0x006D5BF4	0	0	0x004F5732	WRITE	0	true	0x004F5700	FUN_004f5700	MOV dword ptr [0x006d5bf4],0x0
popupDialog	0x006D5BF4	0	0	0x004C93CC	READ	1	true	0x004C93A0	FUN_004c93a0	MOV EAX,[0x006d5bf4]
popupDialog	0x006D5BF4	0	0	0x004C93DD	WRITE	0	true	0x004C93A0	FUN_004c93a0	MOV dword ptr [0x006d5bf4],0x0
