module	stringVA	funcEntry	refs
BNetGW	0x00504D88	0x00452AF0	2
BNetGW	0x00504D88	0x00452C40	1
BNetGW	0x00504D88	0x00452CE0	2
CBullet	0x0050432C	0x0048AB00	3
CBullet	0x0050432C	0x0048ABD0	3
CBullet	0x0050432C	0x0048AEB0	2
CFlingy	0x00504254	0x00495A50	3
CFlingy	0x00504254	0x00495B50	2
CImage	0x00501F84	0x004D6220	3
CImage	0x00501F84	0x004D64C0	2
CImage	0x00501F84	0x004D7180	1
compress	0x00502AFC	0x004C30D0	3
compress	0x00502AFC	0x004C3280	3
compress	0x00502AFC	0x004C3450	3
credits	0x00501C94	0x004D8790	1
credits	0x00501C94	0x004D8840	2
credits	0x00501C94	0x004D8DF0	2
CSprite	0x00504224	0x00498570	3
CSprite	0x00504224	0x00498740	2
CThingy	0x0050437C	0x00487DB0	3
CThingy	0x0050437C	0x00487EC0	2
CtxtHelp	0x005044F0	0x00481330	2
CUnitInit	0x005040F0	0x0049E6C0	3
CUnitInit	0x005040F0	0x0049E790	3
CUnitProtoss	0x00504284	0x00493360	1
CUnitProtoss	0x00504284	0x004EE210	1
CUnitProtoss	0x00504284	0x004EE8C0	1
CUnitSave	0x005047AC	0x004EAAF0	2
cur	0x00502B54	0x004D1560	1
cur	0x00502B54	0x004DC940	1
cur	0x00502B54	0x004DDF90	1
dlg_ctrl	0x00505FB8	0x00418C40	2
dlg_dlg	0x00505F98	0x00419D20	1
dlg_dlg	0x00505F98	0x004DC870	1
dlg_edit	0x00506108	0x00416450	1
dlg_edit	0x00506108	0x004165C0	1
dlg_effects	0x005060E4	0x00416D90	3
dlg_effects	0x005060E4	0x004174A0	1
dlg_effects	0x005060E4	0x00417C20	4
dlg_flc	0x00506154	0x004E1260	1
dlg_lbox	0x00505F74	0x0041B140	3
dlg_lbox	0x00505F74	0x0041B550	1
dlg_lbox	0x00505F74	0x0041B620	1
dlg_lbox	0x00505F74	0x0041B760	1
dlg_lbox	0x00505F74	0x0041B8F0	3
dlg_scrlbar	0x00506190	0x00414C90	1
dlg_timer	0x00506130	0x00415F30	2
dlg_timer	0x00506130	0x00416000	2
dlg_timer	0x00506130	0x00416090	1
dlgFatal	0x00504D50	0x004E4590	2
dlgFatal	0x00504D50	0x004E4A10	3
fd	0x005046A4	0x004EAD80	1
fd	0x005046A4	0x004EADF0	1
fd_user	0x005049A4	0x0045A4A0	2
fd_user	0x005049A4	0x0045A600	3
game	0x00501970	0x004EE2D0	3
game	0x00501970	0x004EE5B0	1
gamedata	0x00502268	0x0044F0F0	1
gamedata	0x00502268	0x00458570	1
gamedata	0x00502268	0x00459B90	1
gamedata	0x00502268	0x0045B5F0	2
gamedata	0x00502268	0x0045F320	2
gamedata	0x00502268	0x0047E7B0	1
gamedata	0x00502268	0x0047F2C0	1
gamedata	0x00502268	0x004A5A80	1
gamedata	0x00502268	0x004A5D10	1
gamedata	0x00502268	0x004AB620	1
gamedata	0x00502268	0x004AB750	1
gamedata	0x00502268	0x004AB860	1
gamedata	0x00502268	0x004AD140	1
gamedata	0x00502268	0x004AD330	1
gamedata	0x00502268	0x004B0C60	1
gamedata	0x00502268	0x004B0DC0	1
gamedata	0x00502268	0x004B1060	1
gamedata	0x00502268	0x004B13A0	1
gamedata	0x00502268	0x004B19C0	1
gamedata	0x00502268	0x004B4AF0	1
gamedata	0x00502268	0x004B6E50	1
gamedata	0x00502268	0x004B7180	1
gamedata	0x00502268	0x004B73B0	1
gamedata	0x00502268	0x004B75E0	1
gamedata	0x00502268	0x004B7820	2
gamedata	0x00502268	0x004B7A70	1
gamedata	0x00502268	0x004B86C0	1
gamedata	0x00502268	0x004B9E70	1
gamedata	0x00502268	0x004BAF30	1
gamedata	0x00502268	0x004BD6F0	5
gamedata	0x00502268	0x004BDE60	1
gamedata	0x00502268	0x004BED70	1
gamedata	0x00502268	0x004C3A20	1
gamedata	0x00502268	0x004CDBD0	1
gamedata	0x00502268	0x004D26B0	1
gamedata	0x00502268	0x004D2E40	1
gamedata	0x00502268	0x004D2E60	1
gamedata	0x00502268	0x004D2E80	2
gamedata	0x00502268	0x004D49A0	1
gamedata	0x00502268	0x004D7180	1
gamedata	0x00502268	0x004D7390	1
gamedata	0x00502268	0x004D8DF0	2
gamedata	0x00502268	0x004D9EB0	2
gamedata	0x00502268	0x004DDD30	1
gamedata	0x00502268	0x004DFFC0	1
gamedata	0x00502268	0x004E4A10	1
gamedata	0x00502268	0x004E5990	1
gamedata	0x00502268	0x004EDC30	1
gamedata	0x00502268	0x004F37C0	1
gamedata	0x00502268	0x004F4DC0	1
gamedata	0x00502268	0x004F5300	1
gamedata	0x00502268	0x004F5530	1
gamedata	0x00502268	0x004F57A0	1
gamedata	0x00502268	0x004F5D70	1
gamedata	0x00502268	0x004F5EE0	1
gamedata	0x00502268	0x004F71F0	1
gamedata	0x00502268	0x004F7550	1
gamedata	0x00502268	0x004F78B0	1
gameloop	0x00501BE4	0x004D92A0	1
Gamemap	0x00502BFC	0x004BCF50	1
Gamemap	0x00502BFC	0x004BD190	10
Gamemap	0x00502BFC	0x004BD6F0	4
gametype	0x00503E70	0x004AB620	1
gametype	0x00503E70	0x004AB750	3
gametype	0x00503E70	0x004AB860	2
gds_appaddex	0x00505750	0x004F6100	1
gds_appexi	0x00505C60	0x004207B0	1
gds_font	0x00505D44	0x0041FD10	1
gds_font	0x00505D44	0x004DA510	1
gds_image	0x00505E64	0x0041E050	1
gds_vidblit	0x00505F50	0x0041D5A0	1
gds_vidinimo	0x00505E88	0x004DB060	1
gds_vidinimo_PC	0x00505F1C	0x0041D930	10
gluBN	0x00503810	0x00448BB0	1
gluBN	0x00503810	0x0044A820	1
gluBN	0x00503810	0x0044A930	3
gluBN	0x00503810	0x0044D450	1
gluBN	0x00503810	0x004ABFE0	1
gluBN	0x00503810	0x004ACF20	1
gluBN	0x00503810	0x004ACF80	2
gluBNChat	0x00505460	0x004491E0	1
gluBNChat	0x00505460	0x00449390	2
gluBNCreate	0x005053AC	0x0044A250	2
gluBNCreate	0x005053AC	0x0044A730	4
gluBNCreate	0x005053AC	0x0044AC00	2
gluBNCreate	0x005053AC	0x0044AD80	2
gluBNIcon	0x005054A8	0x004ACF20	1
gluBNOkCancel	0x005055D4	0x00448AD0	2
gluBNProfile	0x00504F0C	0x0044CDA0	2
gluBNProfile	0x00504F0C	0x0044CDF0	2
gluBNProfile	0x00504F0C	0x0044CF90	2
gluBNProfile	0x00504F0C	0x0044D1E0	9
gluBNProfile	0x00504F0C	0x0044D5B0	1
gluBNProfile	0x00504F0C	0x0044D760	2
gluBNProfile	0x00504F0C	0x0044D8E0	2
gluBNProfile	0x00504F0C	0x0044DF20	2
gluBrfPort	0x00504E60	0x0044EAA0	1
gluBrfPort	0x00504E60	0x0044EB20	1
gluBrfPort	0x00504E60	0x0044EF00	2
gluChat	0x00502DF8	0x004B8F10	2
gluChat	0x00502DF8	0x004B9E70	1
gluChatSlot	0x00504E3C	0x0044F480	1
gluChatSlot	0x00504E3C	0x0044F730	1
gluChatSlot	0x00504E3C	0x00450740	4
gluChatSlot	0x00504E3C	0x004513F0	1
gluConn	0x00502D6C	0x004BA1A0	1
gluConn	0x00502D6C	0x004BA1F0	1
gluConn	0x00502D6C	0x004BAB10	3
gluConn	0x00502D6C	0x004BAF30	1
gluCreat	0x00503720	0x004AF6D0	2
gluError	0x005032AC	0x004B5450	1
gluError	0x005032AC	0x004B5500	1
gluError	0x005032AC	0x004B57B0	1
gluError	0x005032AC	0x004B59A0	2
gluError	0x005032AC	0x004B5B20	2
gluError	0x005032AC	0x004B5CC0	2
glues	0x00501790	0x004AF6D0	2
glues	0x00501790	0x004B2930	2
glues	0x00501790	0x004B52A0	2
glues	0x00501790	0x004B6490	2
glues	0x00501790	0x004DCFA0	1
glues	0x00501790	0x004DD850	1
glues	0x00501790	0x004DD910	1
glues	0x00501790	0x004DD9E0	1
glues	0x00501790	0x004DDF00	1
glues	0x00501790	0x004DE040	1
glues	0x00501790	0x004DE200	4
gluJoin	0x00502F28	0x004B86C0	1
gluLogin	0x00502DA0	0x004EDC30	1
gluMain	0x0050190C	0x004DB140	1
gluMain	0x0050190C	0x004DB260	1
gluMain	0x0050190C	0x004DB280	2
gluMain	0x0050190C	0x004DB930	4
gluMap	0x00503EB4	0x0044B2C0	8
gluMap	0x00503EB4	0x0044B4A0	9
gluMap	0x00503EB4	0x004A63A0	2
gluMap	0x00503EB4	0x004A6490	2
gluMap	0x00503EB4	0x004A6770	10
gluMap	0x00503EB4	0x004A6EE0	1
gluMap	0x00503EB4	0x004A7210	2
gluMap	0x00503EB4	0x004AE920	7
gluModem	0x005036D8	0x004B0C60	1
gluModem	0x005036D8	0x004B0DC0	1
gluModem	0x005036D8	0x004B1060	1
gluModem	0x005036D8	0x004B13A0	1
gluModem	0x005036D8	0x004B19C0	1
gluPopup	0x00503028	0x004B6E50	1
gluPopup	0x00503028	0x004B7180	1
gluPopup	0x00503028	0x004B73B0	1
gluPopup	0x00503028	0x004B75E0	1
gluPopup	0x00503028	0x004B7820	3
gluPopup	0x00503028	0x004B7A70	2
gluRdy	0x005047D0	0x0046D220	1
gluRdyP	0x00502E28	0x004F78B0	1
gluRdyT	0x0050307C	0x004F7550	1
gluRdyZ	0x0050317C	0x004F71F0	1
gluScore	0x005034D8	0x004B30A0	2
gluScore	0x005034D8	0x004B3FD0	2
gluScore	0x005034D8	0x004B4160	2
gluScore	0x005034D8	0x004B42D0	1
gluScore	0x005034D8	0x004B47C0	2
gluScore	0x005034D8	0x004B4AF0	3
grid	0x00501BC4	0x004D9B50	2
grid	0x00501BC4	0x004D9BF0	4
grid	0x00501BC4	0x004D9CD0	3
grid	0x00501BC4	0x004D9D60	5
grid	0x00501BC4	0x004D9EB0	2
grid	0x00501BC4	0x004DAB00	3
grid	0x00501BC4	0x004DB280	3
group	0x0050463C	0x0047AB40	1
group	0x0050463C	0x0047ABE0	1
group	0x0050463C	0x0047ACF0	1
init	0x00501AF8	0x004DA440	2
init	0x00501AF8	0x004DAA60	2
init	0x00501AF8	0x004DAF30	1
League	0x00504178	0x00499E20	1
League	0x00504178	0x00499EC0	2
League	0x00504178	0x0049A060	2
light	0x00502B98	0x004BD190	1
light	0x00502B98	0x004BDAC0	1
light	0x00502B98	0x004BDD60	1
light	0x00502B98	0x004BDE60	2
light	0x00502B98	0x004DE200	1
los	0x005056D0	0x0042AD60	3
los	0x005056D0	0x00480350	1
MapComn_creep	0x00506200	0x00414100	1
MapComn_creep	0x00506200	0x00414A30	5
maphdr	0x0050292C	0x004CAF90	3
maphdr	0x0050292C	0x004CB0A0	1
maphdr	0x0050292C	0x004CB140	1
maphdr	0x0050292C	0x004CBC40	3
maphdr	0x0050292C	0x004CBD30	2
maphdr	0x0050292C	0x004CBEF0	1
maphdr	0x0050292C	0x004CBFA0	3
maphdr	0x0050292C	0x004CC1F0	3
maphdr	0x0050292C	0x004CC650	2
maphdr	0x0050292C	0x004CC6E0	1
maphdr	0x0050292C	0x004CC7F0	3
maphdr	0x0050292C	0x004CC990	3
maphdr	0x0050292C	0x004CCAC0	3
maphdr	0x0050292C	0x004CCF90	2
maphdr	0x0050292C	0x004CD600	3
maphdr	0x0050292C	0x004CD7A0	6
maphdr	0x0050292C	0x004EE8C0	1
mask	0x00504534	0x00480350	4
mask	0x00504534	0x00480960	4
minimap	0x005040B8	0x004A3720	2
minimap	0x005040B8	0x004A4A20	1
minimap	0x005040B8	0x004A5A80	2
minimap	0x005040B8	0x004A5D10	1
minimap	0x005040B8	0x004C3780	1
minimap	0x005040B8	0x004EE210	1
modeless	0x005043C8	0x004F57A0	1
net_chat_cmds	0x0050467C	0x00452320	1
net_chat_cmds	0x0050467C	0x00452370	1
net_chat_cmds	0x0050467C	0x00452460	1
net_chat_cmds	0x0050467C	0x00452720	1
net_chat_cmds	0x0050467C	0x00470840	1
net_chat_cmds	0x0050467C	0x00470DB0	1
net_chat_cmds	0x0050467C	0x00470DF0	1
net_chat_cmds	0x0050467C	0x00470EA0	1
net_chat_cmds	0x0050467C	0x00470EF0	1
net_chat_cmds	0x0050467C	0x00470F90	1
net_chat_cmds	0x0050467C	0x00471010	1
net_chat_cmds	0x0050467C	0x004710B0	12
net_chat_cmds	0x0050467C	0x00471270	1
net_chat_cmds	0x0050467C	0x00471A50	12
net_chat_cmds	0x0050467C	0x00471FB0	2
net_chat_cmds	0x0050467C	0x004D32E0	1
net_error	0x00502D38	0x004BB1A0	2
net_error	0x00502D38	0x004BB4B0	2
net_glue	0x0050221C	0x004D3B50	2
net_glue	0x0050221C	0x004D3CC0	2
net_glue	0x0050221C	0x004D3FC0	1
net_mgr	0x005043A8	0x00485AA0	1
net_mgr	0x005043A8	0x00485BD0	1
net_misc	0x00502A38	0x004C40F0	1
net_misc	0x00502A38	0x004C4160	1
net_misc	0x00502A38	0x004C46E0	2
net_misc	0x00502A38	0x004C4790	2
net_record	0x0050286C	0x004CDD30	2
net_record	0x0050286C	0x004CDF50	1
net_record	0x0050286C	0x004CE280	1
okcancel	0x00502AD8	0x004F59E0	1
okcancel	0x00502AD8	0x004F5C50	1
okcancel	0x00502AD8	0x004F5D70	2
okcancel	0x00502AD8	0x004F5EE0	2
okcancel	0x00502AD8	0x004F6050	1
opt_dlgs	0x00502A04	0x00460D60	1
opt_dlgs	0x00502A04	0x0047E7B0	1
opt_dlgs	0x00502A04	0x00480E70	1
opt_dlgs	0x00502A04	0x00481E80	1
opt_dlgs	0x00502A04	0x004C93A0	1
opt_dlgs	0x00502A04	0x004C9C40	2
opt_dlgs	0x00502A04	0x004C9CC0	1
opt_dlgs	0x00502A04	0x004E89C0	1
placebox	0x005042E4	0x0048D560	1
placebox	0x005042E4	0x0048DAF0	1
placebox	0x005042E4	0x004EE8C0	1
replay	0x00501694	0x004AF6D0	1
replay	0x00501694	0x004B86C0	1
replay	0x00501694	0x004B9E70	1
replay	0x00501694	0x004DE7A0	1
replay	0x00501694	0x004DED30	1
replay	0x00501694	0x004DF570	3
replay	0x00501694	0x004DFAB0	1
replay	0x00501694	0x004DFFC0	1
replay	0x00501694	0x004EE8C0	1
repulse	0x00504D1C	0x004BD190	1
repulse	0x00504D1C	0x004BD6F0	1
SAI_Banker	0x0050560C	0x00447E20	3
sai_ContoursCreate	0x005056A4	0x0042B620	1
sai_ContoursCreate	0x005056A4	0x0042B8A0	8
sai_ContoursCreate	0x005056A4	0x0042B9F0	8
sai_ContoursCreate	0x005056A4	0x0042BBD0	4
sai_ContoursCreate	0x005056A4	0x0042BC30	2
sai_ContoursCreate	0x005056A4	0x0042C060	5
sai_ContoursCreate	0x005056A4	0x0042C5C0	1
sai_LoadSave	0x005046CC	0x0046EA70	5
Sai_path	0x00505654	0x0042F4F0	1
Sai_path	0x00505654	0x004EE210	1
Sai_path	0x00505654	0x004EE8C0	1
sai_PathCreate	0x005044B8	0x0046EA70	1
sai_PathCreate	0x005044B8	0x00483DD0	2
sai_PathCreate	0x005044B8	0x00483E30	1
sai_PathCreate	0x005044B8	0x00484290	1
sai_PathCreate	0x005044B8	0x004EE8C0	2
SAI_Scripts	0x00504964	0x004EE8C0	2
saveload	0x00502700	0x004C2910	2
saveload	0x00502700	0x004CFEF0	6
saveload	0x00502700	0x004D02D0	2
scroll	0x005045D8	0x004BD190	1
snd	0x00502D0C	0x004BC620	2
snd	0x00502D0C	0x004BC8C0	2
snd	0x00502D0C	0x004DB060	1
statcmd	0x00504A6C	0x00458CF0	2
statcmd	0x00504A6C	0x004596A0	2
statcmd	0x00504A6C	0x00459B90	3
statdata	0x00504BD0	0x00456EF0	2
statdata	0x00504BD0	0x00457CA0	1
statdata	0x00504BD0	0x00458050	2
statdata	0x00504BD0	0x00458570	3
statfluf	0x00504C94	0x004F4DC0	1
StatLB	0x00502B30	0x004BED70	1
statmisc	0x00504C58	0x004F5300	1
statport	0x005048F4	0x0045E710	1
statport	0x005048F4	0x0045F0B0	1
statport	0x005048F4	0x0045F320	1
statres	0x00504CD8	0x004C3780	1
statres	0x00504CD8	0x004E5990	2
status	0x00502A88	0x004C35F0	1
status	0x00502A88	0x004C3780	1
status	0x00502A88	0x004C3BB0	1
statwire	0x00504C20	0x00456A90	1
statwire	0x00504C20	0x004C3780	1
TAI_Captain	0x00505630	0x00436A40	1
TAI_Captain	0x00505630	0x00436A80	1
TAI_Captain	0x00505630	0x00437A70	2
Teams	0x005043EC	0x00485710	1
textbox	0x005049C4	0x004F37C0	1
tips	0x0050461C	0x0047E630	1
title	0x00501FE8	0x004D46F0	2
title	0x00501FE8	0x004D49A0	1
uiMulti	0x00504DEC	0x00452460	2
uiMulti	0x00504DEC	0x00452900	1
uiSingle	0x005018D8	0x004DBFC0	1
uiSingle	0x005018D8	0x004DC1C0	1
victory	0x0050435C	0x004897E0	3
victory	0x0050435C	0x004899D0	2
