global	insAddr	funcEntry	refType	elemIndices	elemCount	firstTarget	instruction	discovery
clientSelectionChanged	0x004583B3	0x00458220	WRITE	0	1	0x0059723C	MOV byte ptr [0x0059723c],BL	ghidra-ref
clientSelectionChanged	0x0045D09B	0x0045D040	WRITE	0	1	0x0059723C	MOV [0x0059723c],AL	ghidra-ref
clientSelectionChanged	0x0046FC03	0x0046FB40	WRITE	0	1	0x0059723C	MOV byte ptr [0x0059723c],0x1	ghidra-ref
clientSelectionChanged	0x0046FDE3	0x0046FB40	WRITE	0	1	0x0059723C	MOV byte ptr [0x0059723c],0x1	ghidra-ref
clientSelectionChanged	0x00496CEE	0x00496B40	WRITE	0	1	0x0059723C	MOV byte ptr [0x0059723c],0x1	ghidra-ref
clientSelectionChanged	0x0049AF5C	0x0049AEF0	WRITE	0	1	0x0059723C	MOV [0x0059723c],AL	ghidra-ref
clientSelectionChanged	0x0049F80E	0x0049F7A0	WRITE	0	1	0x0059723C	MOV [0x0059723c],AL	ghidra-ref
clientSelectionChanged	0x004C3756		UNCLASSIFIED	0	1	0x0059723C	?? 3Ch    <	raw-dword-only
clientSelectionChanged	0x004C3931		UNCLASSIFIED	0	1	0x0059723C	?? 3Ch    <	raw-dword-only
clientSelectionChanged	0x004C3940		UNCLASSIFIED	0	1	0x0059723C	?? 3Ch    <	raw-dword-only
clientSelectionChanged	0x004C3B11		UNCLASSIFIED	0	1	0x0059723C	?? 3Ch    <	raw-dword-only
clientSelectionChanged	0x004C3B20		UNCLASSIFIED	0	1	0x0059723C	?? 3Ch    <	raw-dword-only
clientSelectionChanged	0x004C3B82	0x004C3B40	WRITE	0	1	0x0059723C	MOV [0x0059723c],AL	ghidra-ref
clientSelectionChanged	0x004D08DD	0x004D0820	WRITE	0	1	0x0059723C	MOV byte ptr [0x0059723c],0x1	ghidra-ref
clientSelectionChanged	0x004D93F0	0x004D93F0	READ	0	1	0x0059723C	MOV AL,[0x0059723c]	ghidra-ref
clientSelectionChanged	0x004D93FE	0x004D93F0	WRITE	0	1	0x0059723C	MOV byte ptr [0x0059723c],0x0	ghidra-ref
end_clientSelectionGroup2	0x004C080F	0x004C07B0	READ	0	1	0x0059727C	MOV ESI,dword ptr [0x0059727c]	ghidra-ref
end_clientSelectionGroup2	0x004C083E	0x004C07B0	WRITE	0	1	0x0059727C	MOV [0x0059727c],EAX	ghidra-ref
end_playersSelections	0x004966DF	0x004965D0	DATA	0	1	0x00628668	MOV dword ptr [EBP + -0x10],EBX	ghidra-ref
end_playersSelections	0x004966E2	0x004965D0	READ	0	1	0x00628668	MOV ECX,dword ptr [EBX]	ghidra-ref
end_playersSelections	0x00499AE2	0x00499A60	DATA	0	1	0x00628668	MOV EDI,0x628668	ghidra-ref
end_playersSelections	0x00499D41		UNCLASSIFIED	0	1	0x00628668	?? 68h    h	raw-dword-only
end_playersSelections	0x00499D4A		UNCLASSIFIED	0	1	0x00628668	?? 68h    h	raw-dword-only
end_playersSelections	0x00499DEB	0x00499D50	DATA	0	1	0x00628668	PUSH 0x628668	ghidra-ref
end_playersSelections	0x004C2590	0x004C2560	READ	0	1	0x00628668	MOV EDI,dword ptr [EAX + -0x4]	ghidra-ref
end_playersSelections	0x004C2662	0x004C2560	READ	0	1	0x00628668	MOV EDX,dword ptr [EAX + ECX*0x4]	ghidra-ref
end_playersSelections	0x004C27E0	0x004C2750	READ	0	1	0x00628668	MOV EDX,dword ptr [EAX + ECX*0x4]	ghidra-ref
end_playersSelections	0x004EEBFD	0x004EE8C0	READ	0	1	0x00628668	MOV AL,[0x00628668]	ghidra-ref
end_playersSelections	0x004EEC12	0x004EE8C0	DATA	0	1	0x00628668	AND EAX,0x628668	ghidra-ref
end_playersSelections	0x004EEDE1	0x004EED10	READ	0	1	0x00628668	MOVSD.REP ES:EDI,ESI	ghidra-ref
gap_0x00597238	0x004234EE	0x004234D0	DATA	0	1	0x00597238	CMP ECX,0x597238	ghidra-ref
gap_0x00597238	0x004235CB	0x00423540	DATA	0	1	0x00597238	CMP EDX,0x597238	ghidra-ref
gap_0x00597238	0x004236A8	0x00423660	DATA	0	1	0x00597238	CMP EAX,0x597238	ghidra-ref
gap_0x00597238	0x004243DB	0x00424380	DATA	0	1	0x00597238	CMP EDX,0x597238	ghidra-ref
gap_0x00597238	0x00424690	0x00424660	DATA	0	1	0x00597238	CMP EAX,0x597238	ghidra-ref
gap_0x00597238	0x004259C7	0x00425960	DATA	0	1	0x00597238	CMP EDI,0x597238	ghidra-ref
gap_0x00597238	0x004282F5	0x004282E0	DATA	0	1	0x00597238	CMP ECX,0x597238	ghidra-ref
gap_0x00597238	0x00428325	0x00428310	DATA	0	1	0x00597238	CMP ECX,0x597238	ghidra-ref
gap_0x00597238	0x004283A3	0x00428360	DATA	0	1	0x00597238	CMP ECX,0x597238	ghidra-ref
gap_0x00597238	0x004283D8	0x004283C0	DATA	0	1	0x00597238	CMP ECX,0x597238	ghidra-ref
gap_0x00597238	0x00428497	0x00428480	DATA	0	1	0x00597238	CMP ECX,0x597238	ghidra-ref
gap_0x00597238	0x004284C7	0x004284B0	DATA	0	1	0x00597238	CMP ECX,0x597238	ghidra-ref
gap_0x00597238	0x00428585	0x00428560	DATA	0	1	0x00597238	CMP ECX,0x597238	ghidra-ref
gap_0x00597238	0x004285C5	0x004285A0	DATA	0	1	0x00597238	CMP ECX,0x597238	ghidra-ref
gap_0x00597238	0x004285F5	0x004285E0	DATA	0	1	0x00597238	CMP ECX,0x597238	ghidra-ref
gap_0x00597238	0x00428625	0x00428610	DATA	0	1	0x00597238	CMP ECX,0x597238	ghidra-ref
gap_0x00597238	0x00428655	0x00428640	DATA	0	1	0x00597238	CMP ECX,0x597238	ghidra-ref
gap_0x00597238	0x00428685	0x00428670	DATA	0	1	0x00597238	CMP ECX,0x597238	ghidra-ref
gap_0x00597238	0x004286C8	0x004286A0	DATA	0	1	0x00597238	CMP EDX,0x597238	ghidra-ref
gap_0x00597238	0x0042870C	0x004286E0	DATA	0	1	0x00597238	CMP EDX,0x597238	ghidra-ref
gap_0x00597238	0x00428752	0x00428730	DATA	0	1	0x00597238	CMP EAX,0x597238	ghidra-ref
gap_0x00597238	0x004287A2	0x00428780	DATA	0	1	0x00597238	CMP EAX,0x597238	ghidra-ref
gap_0x00597238	0x0042887E	0x00428860	DATA	0	1	0x00597238	CMP ECX,0x597238	ghidra-ref
gap_0x00597238	0x004289B5	0x00428990	DATA	0	1	0x00597238	CMP ECX,0x597238	ghidra-ref
gap_0x00597238	0x00428A35	0x00428A10	DATA	0	1	0x00597238	CMP ECX,0x597238	ghidra-ref
gap_0x00597238	0x00428D7F	0x00428D40	DATA	0	1	0x00597238	CMP EDX,0x597238	ghidra-ref
gap_0x00597238	0x00428DE5	0x00428DA0	DATA	0	1	0x00597238	CMP EDX,0x597238	ghidra-ref
gap_0x00597238	0x00428EB8	0x00428EA0	DATA	0	1	0x00597238	CMP ESI,0x597238	ghidra-ref
gap_0x00597238	0x00428F11	0x00428ED0	DATA	0	1	0x00597238	CMP ESI,0x597238	ghidra-ref
gap_0x00597238	0x00428F7C	0x00428F30	DATA	0	1	0x00597238	CMP ESI,0x597238	ghidra-ref
gap_0x00597238	0x00428FC2	0x00428FA0	DATA	0	1	0x00597238	CMP EAX,0x597238	ghidra-ref
gap_0x00597238	0x00429051	0x00428FF0	DATA	0	1	0x00597238	CMP EDI,0x597238	ghidra-ref
gap_0x00597238	0x004290C1	0x00429070	DATA	0	1	0x00597238	CMP ESI,0x597238	ghidra-ref
gap_0x00597238	0x00429147	0x004290F0	DATA	0	1	0x00597238	CMP EBX,0x597238	ghidra-ref
gap_0x00597238	0x004291A9	0x00429170	DATA	0	1	0x00597238	CMP ECX,0x597238	ghidra-ref
gap_0x00597238	0x004291F9	0x004291C0	DATA	0	1	0x00597238	CMP ECX,0x597238	ghidra-ref
gap_0x00597238	0x00429296	0x00429210	DATA	0	1	0x00597238	CMP EBX,0x597238	ghidra-ref
gap_0x00597238	0x00429348	0x004292C0	DATA	0	1	0x00597238	CMP EBX,0x597238	ghidra-ref
gap_0x00597238	0x004293BC	0x00429370	DATA	0	1	0x00597238	CMP EBX,0x597238	ghidra-ref
gap_0x00597238	0x0042942E	0x004293E0	DATA	0	1	0x00597238	CMP EBX,0x597238	ghidra-ref
gap_0x00597238	0x004294B1	0x00429470	DATA	0	1	0x00597238	CMP ESI,0x597238	ghidra-ref
gap_0x00597238	0x00458C8E	0x00458BC0	DATA	0	1	0x00597238	CMP EAX,0x597238	ghidra-ref
gap_0x00597238	0x0046F7E7	0x0046F5B0	DATA	0	1	0x00597238	CMP EAX,0x597238	ghidra-ref
gap_0x00597238	0x004C3880	0x004C3780	READ	0	1	0x00597238	MOV EAX,[0x00597238]	ghidra-ref
gap_0x00597238	0x004C38F2	0x004C38B0	DATA	0	1	0x00597238	CMP EBX,0x597238	ghidra-ref
gap_0x00597238	0x004C3A09	0x004C3950	WRITE	0	1	0x00597238	MOV [0x00597238],EAX	ghidra-ref
gap_0x0059723E	0x004C35C1		UNCLASSIFIED	2	1	0x00597244	?? 44h    D	raw-dword-only
gap_0x0059723E	0x004C35DD		UNCLASSIFIED	2	1	0x00597244	?? 44h    D	raw-dword-only
gap_0x0059723E	0x004C3671	0x004C35F0	DATA	0	1	0x00597240	MOV ECX,0x597240	ghidra-ref
gap_0x0059723E	0x004C39B0	0x004C3950	WRITE	1	1	0x00597244	MOV dword ptr [0x00597244],0x0	ghidra-ref
gap_0x0059723E	0x004C39DD	0x004C3950	WRITE	1	1	0x00597242	MOV [0x00597242],AX	ghidra-ref
gap_0x0059723E	0x004C39E3	0x004C3950	DATA	0	1	0x00597240	MOV EAX,0x597240	ghidra-ref
gap_0x0059723E	0x004C39E8	0x004C3950	WRITE	0	1	0x00597240	MOV word ptr [0x00597240],DX	ghidra-ref
gap_0x0059723E	0x004C39EF	0x004C3950	WRITE	1	1	0x00597244	MOV dword ptr [0x00597244],ECX	ghidra-ref
gap_0x0059723E	0x004C39FE	0x004C3950	DATA	0	1	0x00597240	MOV EDI,0x597240	ghidra-ref
gap_0x0059723E	0x004C3C15	0x004C3BB0	READ	1	1	0x00597244	MOV EAX,[0x00597244]	ghidra-ref
gap_0x0059723E	0x004C3C2F	0x004C3BB0	WRITE	1	1	0x00597244	MOV dword ptr [0x00597244],EBX	ghidra-ref
primarySelected	0x00423199	0x00423190	READ	0	1	0x00597248	MOV EDI,dword ptr [0x00597248]	ghidra-ref
primarySelected	0x00423236	0x00423230	READ	0	1	0x00597248	MOV EAX,[0x00597248]	ghidra-ref
primarySelected	0x00423519	0x004234D0	READ	0	1	0x00597248	MOV EDX,dword ptr [0x00597248]	ghidra-ref
primarySelected	0x004235D3	0x00423540	READ	0	1	0x00597248	MOV EBX,dword ptr [0x00597248]	ghidra-ref
primarySelected	0x004236B0	0x00423660	READ	0	1	0x00597248	MOV EBX,dword ptr [0x00597248]	ghidra-ref
primarySelected	0x00423764	0x00423760	READ	0	1	0x00597248	MOV EAX,[0x00597248]	ghidra-ref
primarySelected	0x00423794	0x00423790	READ	0	1	0x00597248	MOV EAX,[0x00597248]	ghidra-ref
primarySelected	0x00423864	0x00423860	READ	0	1	0x00597248	MOV EAX,[0x00597248]	ghidra-ref
primarySelected	0x00423944	0x00423930	READ	0	1	0x00597248	MOV EAX,[0x00597248]	ghidra-ref
primarySelected	0x00423B04	0x00423B00	READ	0	1	0x00597248	MOV EAX,[0x00597248]	ghidra-ref
primarySelected	0x00423B41		UNCLASSIFIED	0	1	0x00597248	?? 48h    H	raw-dword-only
primarySelected	0x00423C54	0x00423C50	READ	0	1	0x00597248	MOV EAX,[0x00597248]	ghidra-ref
primarySelected	0x00423D14	0x00423D10	READ	0	1	0x00597248	MOV EAX,[0x00597248]	ghidra-ref
primarySelected	0x00423DD4	0x00423DD0	READ	0	1	0x00597248	MOV EAX,[0x00597248]	ghidra-ref
primarySelected	0x00423E91		UNCLASSIFIED	0	1	0x00597248	?? 48h    H	raw-dword-only
primarySelected	0x00423EB4	0x00423EB0	READ	0	1	0x00597248	MOV EAX,[0x00597248]	ghidra-ref
primarySelected	0x00424511		UNCLASSIFIED	0	1	0x00597248	?? 48h    H	raw-dword-only
primarySelected	0x00424522		UNCLASSIFIED	0	1	0x00597248	?? 48h    H	raw-dword-only
primarySelected	0x004246B1		UNCLASSIFIED	0	1	0x00597248	?? 48h    H	raw-dword-only
primarySelected	0x004246D0	0x004246D0	READ	0	1	0x00597248	MOV EDX,dword ptr [0x00597248]	ghidra-ref
primarySelected	0x00424786	0x00424780	READ	0	1	0x00597248	MOV ESI,dword ptr [0x00597248]	ghidra-ref
primarySelected	0x004248F0	0x004248F0	READ	0	1	0x00597248	MOV EAX,[0x00597248]	ghidra-ref
primarySelected	0x00424980	0x00424980	READ	0	1	0x00597248	MOV EAX,[0x00597248]	ghidra-ref
primarySelected	0x004249E1		UNCLASSIFIED	0	1	0x00597248	?? 48h    H	raw-dword-only
primarySelected	0x00424A1A		UNCLASSIFIED	0	1	0x00597248	?? 48h    H	raw-dword-only
primarySelected	0x00424ACA		UNCLASSIFIED	0	1	0x00597248	?? 48h    H	raw-dword-only
primarySelected	0x00424AF1		UNCLASSIFIED	0	1	0x00597248	?? 48h    H	raw-dword-only
primarySelected	0x00424B1B		UNCLASSIFIED	0	1	0x00597248	?? 48h    H	raw-dword-only
primarySelected	0x00424B59		UNCLASSIFIED	0	1	0x00597248	?? 48h    H	raw-dword-only
primarySelected	0x00424BE4	0x00424BA0	READ	0	1	0x00597248	MOV EAX,[0x00597248]	ghidra-ref
primarySelected	0x00424C20	0x00424BA0	READ	0	1	0x00597248	MOV EDX,dword ptr [0x00597248]	ghidra-ref
primarySelected	0x00424E4C	0x00424BA0	READ	0	1	0x00597248	MOV ECX,dword ptr [0x00597248]	ghidra-ref
primarySelected	0x00424F18		UNCLASSIFIED	0	1	0x00597248	?? 48h    H	raw-dword-only
primarySelected	0x00424FC4		UNCLASSIFIED	0	1	0x00597248	?? 48h    H	raw-dword-only
primarySelected	0x00425145		UNCLASSIFIED	0	1	0x00597248	?? 48h    H	raw-dword-only
primarySelected	0x00425181		UNCLASSIFIED	0	1	0x00597248	?? 48h    H	raw-dword-only
primarySelected	0x004251F1		UNCLASSIFIED	0	1	0x00597248	?? 48h    H	raw-dword-only
primarySelected	0x0042523B	0x00425230	READ	0	1	0x00597248	MOV EAX,[0x00597248]	ghidra-ref
primarySelected	0x00425314	0x00425310	READ	0	1	0x00597248	MOV EDX,dword ptr [0x00597248]	ghidra-ref
primarySelected	0x004253D4	0x004253D0	READ	0	1	0x00597248	MOV EDX,dword ptr [0x00597248]	ghidra-ref
primarySelected	0x00425479	0x004253D0	READ	0	1	0x00597248	MOV EDX,dword ptr [0x00597248]	ghidra-ref
primarySelected	0x00425519	0x00425510	READ	0	1	0x00597248	MOV EAX,[0x00597248]	ghidra-ref
primarySelected	0x0042560A	0x00425600	READ	0	1	0x00597248	MOV EAX,[0x00597248]	ghidra-ref
primarySelected	0x00425674	0x00425600	READ	0	1	0x00597248	MOV EAX,[0x00597248]	ghidra-ref
primarySelected	0x004257AC	0x00425790	READ	0	1	0x00597248	MOV EAX,[0x00597248]	ghidra-ref
primarySelected	0x00425908		UNCLASSIFIED	0	1	0x00597248	?? 48h    H	raw-dword-only
primarySelected	0x00425A31	0x00425A30	READ	0	1	0x00597248	MOV ESI,dword ptr [0x00597248]	ghidra-ref
primarySelected	0x00425B55	0x00425B50	READ	0	1	0x00597248	MOV ESI,dword ptr [0x00597248]	ghidra-ref
primarySelected	0x00425DD1	0x00425DD0	READ	0	1	0x00597248	MOV ESI,dword ptr [0x00597248]	ghidra-ref
primarySelected	0x00425EC3	0x00425EC0	READ	0	1	0x00597248	MOV ECX,dword ptr [0x00597248]	ghidra-ref
primarySelected	0x00425F0B	0x00425EE0	READ	0	1	0x00597248	MOV ECX,dword ptr [0x00597248]	ghidra-ref
primarySelected	0x00425F39		UNCLASSIFIED	0	1	0x00597248	?? 48h    H	raw-dword-only
primarySelected	0x00425F73		UNCLASSIFIED	0	1	0x00597248	?? 48h    H	raw-dword-only
primarySelected	0x004260E8		UNCLASSIFIED	0	1	0x00597248	?? 48h    H	raw-dword-only
primarySelected	0x004260FF		UNCLASSIFIED	0	1	0x00597248	?? 48h    H	raw-dword-only
primarySelected	0x00426193	0x00426190	READ	0	1	0x00597248	MOV EAX,[0x00597248]	ghidra-ref
primarySelected	0x004261F7	0x00426190	READ	0	1	0x00597248	MOV ECX,dword ptr [0x00597248]	ghidra-ref
primarySelected	0x004262AD	0x00426190	READ	0	1	0x00597248	MOV EDX,dword ptr [0x00597248]	ghidra-ref
primarySelected	0x00426306	0x00426300	READ	0	1	0x00597248	MOV ESI,dword ptr [0x00597248]	ghidra-ref
primarySelected	0x004263E5	0x004263E0	READ	0	1	0x00597248	MOV ESI,dword ptr [0x00597248]	ghidra-ref
primarySelected	0x0042650B	0x00426500	READ	0	1	0x00597248	MOV ESI,dword ptr [0x00597248]	ghidra-ref
primarySelected	0x00426547	0x00426500	READ	0	1	0x00597248	MOV ESI,dword ptr [0x00597248]	ghidra-ref
primarySelected	0x004265C0	0x00426500	READ	0	1	0x00597248	MOV ECX,dword ptr [0x00597248]	ghidra-ref
primarySelected	0x00426604	0x00426500	READ	0	1	0x00597248	MOV EDX,dword ptr [0x00597248]	ghidra-ref
primarySelected	0x004266FA	0x004266F0	READ	0	1	0x00597248	MOV EAX,[0x00597248]	ghidra-ref
primarySelected	0x00426737	0x004266F0	READ	0	1	0x00597248	MOV EAX,[0x00597248]	ghidra-ref
primarySelected	0x004267A3	0x004266F0	READ	0	1	0x00597248	MOV ECX,dword ptr [0x00597248]	ghidra-ref
primarySelected	0x004267E7	0x004266F0	READ	0	1	0x00597248	MOV EDX,dword ptr [0x00597248]	ghidra-ref
primarySelected	0x00426906	0x004268D0	READ	0	1	0x00597248	MOV ECX,dword ptr [0x00597248]	ghidra-ref
primarySelected	0x0042693C	0x004268D0	READ	0	1	0x00597248	MOV ECX,dword ptr [0x00597248]	ghidra-ref
primarySelected	0x004269BD	0x004268D0	READ	0	1	0x00597248	MOV ESI,dword ptr [0x00597248]	ghidra-ref
primarySelected	0x00426AA2	0x004268D0	READ	0	1	0x00597248	MOV ECX,dword ptr [0x00597248]	ghidra-ref
primarySelected	0x00426C66	0x00426C60	READ	0	1	0x00597248	MOV EDX,dword ptr [0x00597248]	ghidra-ref
primarySelected	0x00426CB8	0x00426C60	READ	0	1	0x00597248	MOV EDX,dword ptr [0x00597248]	ghidra-ref
primarySelected	0x00426CD9	0x00426C60	READ	0	1	0x00597248	MOV EDX,dword ptr [0x00597248]	ghidra-ref
primarySelected	0x00426D60	0x00426C60	READ	0	1	0x00597248	MOV EDX,dword ptr [0x00597248]	ghidra-ref
primarySelected	0x00426E28	0x00426C60	READ	0	1	0x00597248	MOV EDX,dword ptr [0x00597248]	ghidra-ref
primarySelected	0x00426E56	0x00426C60	READ	0	1	0x00597248	MOV EDX,dword ptr [0x00597248]	ghidra-ref
primarySelected	0x00426E77	0x00426C60	READ	0	1	0x00597248	MOV EDX,dword ptr [0x00597248]	ghidra-ref
primarySelected	0x00426F14		UNCLASSIFIED	0	1	0x00597248	?? 48h    H	raw-dword-only
primarySelected	0x00426F35		UNCLASSIFIED	0	1	0x00597248	?? 48h    H	raw-dword-only
primarySelected	0x00426F50	0x00426F50	READ	0	1	0x00597248	MOV EAX,[0x00597248]	ghidra-ref
primarySelected	0x00426FC9	0x00426F50	READ	0	1	0x00597248	MOV ECX,dword ptr [0x00597248]	ghidra-ref
primarySelected	0x00426FF4	0x00426FF0	READ	0	1	0x00597248	MOV ECX,dword ptr [0x00597248]	ghidra-ref
primarySelected	0x00427050	0x00426FF0	READ	0	1	0x00597248	MOV ECX,dword ptr [0x00597248]	ghidra-ref
primarySelected	0x00427126	0x00426FF0	READ	0	1	0x00597248	MOV EAX,[0x00597248]	ghidra-ref
primarySelected	0x0042726A		UNCLASSIFIED	0	1	0x00597248	?? 48h    H	raw-dword-only
primarySelected	0x004272B3		UNCLASSIFIED	0	1	0x00597248	?? 48h    H	raw-dword-only
primarySelected	0x00427305		UNCLASSIFIED	0	1	0x00597248	?? 48h    H	raw-dword-only
primarySelected	0x0042734A		UNCLASSIFIED	0	1	0x00597248	?? 48h    H	raw-dword-only
primarySelected	0x004273BD		UNCLASSIFIED	0	1	0x00597248	?? 48h    H	raw-dword-only
primarySelected	0x004273E9		UNCLASSIFIED	0	1	0x00597248	?? 48h    H	raw-dword-only
primarySelected	0x00427433		UNCLASSIFIED	0	1	0x00597248	?? 48h    H	raw-dword-only
primarySelected	0x0042747C		UNCLASSIFIED	0	1	0x00597248	?? 48h    H	raw-dword-only
primarySelected	0x004274AB		UNCLASSIFIED	0	1	0x00597248	?? 48h    H	raw-dword-only
primarySelected	0x00427519		UNCLASSIFIED	0	1	0x00597248	?? 48h    H	raw-dword-only
primarySelected	0x00427551	0x00427540	READ	0	1	0x00597248	MOV ESI,dword ptr [0x00597248]	ghidra-ref
primarySelected	0x00427595	0x00427540	READ	0	1	0x00597248	MOV ESI,dword ptr [0x00597248]	ghidra-ref
primarySelected	0x00427697	0x00427540	READ	0	1	0x00597248	MOV EDX,dword ptr [0x00597248]	ghidra-ref
primarySelected	0x004276C8	0x00427540	READ	0	1	0x00597248	MOV ECX,dword ptr [0x00597248]	ghidra-ref
primarySelected	0x0042772F	0x00427540	READ	0	1	0x00597248	MOV EDX,dword ptr [0x00597248]	ghidra-ref
primarySelected	0x00427812	0x00427540	READ	0	1	0x00597248	MOV ECX,dword ptr [0x00597248]	ghidra-ref
primarySelected	0x00427894		UNCLASSIFIED	0	1	0x00597248	?? 48h    H	raw-dword-only
primarySelected	0x00427A5E		UNCLASSIFIED	0	1	0x00597248	?? 48h    H	raw-dword-only
primarySelected	0x00427C9D		UNCLASSIFIED	0	1	0x00597248	?? 48h    H	raw-dword-only
primarySelected	0x00427D39		UNCLASSIFIED	0	1	0x00597248	?? 48h    H	raw-dword-only
primarySelected	0x00427D7F		UNCLASSIFIED	0	1	0x00597248	?? 48h    H	raw-dword-only
primarySelected	0x00428360	0x00428360	READ	0	1	0x00597248	MOV EAX,[0x00597248]	ghidra-ref
primarySelected	0x00455AD9	0x00455A00	READ	0	1	0x00597248	MOV EAX,[0x00597248]	ghidra-ref
primarySelected	0x004563A9	0x004563A0	READ	0	1	0x00597248	MOV EAX,[0x00597248]	ghidra-ref
primarySelected	0x00456475	0x004563A0	READ	0	1	0x00597248	MOV EAX,[0x00597248]	ghidra-ref
primarySelected	0x0045651E	0x004564E0	READ	0	1	0x00597248	MOV EBX,dword ptr [0x00597248]	ghidra-ref
primarySelected	0x0045661B	0x004564E0	READ	0	1	0x00597248	MOV EAX,[0x00597248]	ghidra-ref
primarySelected	0x004568B0	0x004568B0	READ	0	1	0x00597248	MOV EAX,[0x00597248]	ghidra-ref
primarySelected	0x0045741B	0x004573A0	READ	0	1	0x00597248	MOV EAX,[0x00597248]	ghidra-ref
primarySelected	0x004576C9	0x004576A0	READ	0	1	0x00597248	MOV ESI,dword ptr [0x00597248]	ghidra-ref
primarySelected	0x0045770D	0x004576A0	READ	0	1	0x00597248	MOV EAX,[0x00597248]	ghidra-ref
primarySelected	0x00457775	0x004576A0	READ	0	1	0x00597248	MOV EAX,[0x00597248]	ghidra-ref
primarySelected	0x004577E9	0x004576A0	READ	0	1	0x00597248	MOV EAX,[0x00597248]	ghidra-ref
primarySelected	0x00457815	0x004576A0	READ	0	1	0x00597248	MOV ESI,dword ptr [0x00597248]	ghidra-ref
primarySelected	0x00457879	0x004576A0	READ	0	1	0x00597248	MOV EAX,[0x00597248]	ghidra-ref
primarySelected	0x00457912	0x004576A0	READ	0	1	0x00597248	MOV ESI,dword ptr [0x00597248]	ghidra-ref
primarySelected	0x00457971	0x004576A0	READ	0	1	0x00597248	MOV ESI,dword ptr [0x00597248]	ghidra-ref
primarySelected	0x00457A09	0x004576A0	READ	0	1	0x00597248	MOV ESI,dword ptr [0x00597248]	ghidra-ref
primarySelected	0x00457A62	0x004576A0	READ	0	1	0x00597248	MOV EAX,[0x00597248]	ghidra-ref
primarySelected	0x00457B27	0x00457B10	READ	0	1	0x00597248	MOV EAX,[0x00597248]	ghidra-ref
primarySelected	0x00457CE6	0x00457CE0	READ	0	1	0x00597248	MOV EAX,[0x00597248]	ghidra-ref
primarySelected	0x00458120	0x00458120	READ	0	1	0x00597248	MOV EAX,[0x00597248]	ghidra-ref
primarySelected	0x0045818D	0x00458120	READ	0	1	0x00597248	MOV EAX,[0x00597248]	ghidra-ref
primarySelected	0x00458BC6	0x00458BC0	READ	0	1	0x00597248	MOV EAX,[0x00597248]	ghidra-ref
primarySelected	0x00458E94	0x00458E90	READ	0	1	0x00597248	MOV EAX,[0x00597248]	ghidra-ref
primarySelected	0x00459250	0x004591D0	READ	0	1	0x00597248	MOV EAX,[0x00597248]	ghidra-ref
primarySelected	0x00459281	0x004591D0	READ	0	1	0x00597248	MOV EAX,[0x00597248]	ghidra-ref
primarySelected	0x00459463	0x004593A0	READ	0	1	0x00597248	MOV ECX,dword ptr [0x00597248]	ghidra-ref
primarySelected	0x00459544	0x004593A0	READ	0	1	0x00597248	MOV EDI,dword ptr [0x00597248]	ghidra-ref
primarySelected	0x004595B6	0x004593A0	READ	0	1	0x00597248	MOV EAX,[0x00597248]	ghidra-ref
primarySelected	0x004599D8	0x004599A0	READ	0	1	0x00597248	MOV EAX,[0x00597248]	ghidra-ref
primarySelected	0x00459A1C	0x004599A0	READ	0	1	0x00597248	MOV ECX,dword ptr [0x00597248]	ghidra-ref
primarySelected	0x0045EB9A		UNCLASSIFIED	0	1	0x00597248	?? 48h    H	raw-dword-only
primarySelected	0x0045EBDE	0x0045EBC0	READ	0	1	0x00597248	MOV EDI,dword ptr [0x00597248]	ghidra-ref
primarySelected	0x0045EC84	0x0045EC40	READ	0	1	0x00597248	MOV EDX,dword ptr [0x00597248]	ghidra-ref
primarySelected	0x0045ED2A	0x0045EC40	READ	0	1	0x00597248	MOV EDX,dword ptr [0x00597248]	ghidra-ref
primarySelected	0x0045EFAF		READ	0	1	0x00597248	MOV EAX,[0x00597248]	ghidra-ref
primarySelected	0x0046F81E	0x0046F5B0	READ	0	1	0x00597248	MOV ECX,dword ptr [0x00597248]	ghidra-ref
primarySelected	0x0046F8C2	0x0046F5B0	READ	0	1	0x00597248	MOV EDX,dword ptr [0x00597248]	ghidra-ref
primarySelected	0x0046F8E7	0x0046F5B0	READ	0	1	0x00597248	MOV EBX,dword ptr [0x00597248]	ghidra-ref
primarySelected	0x0046F966	0x0046F5B0	READ	0	1	0x00597248	MOV EDX,dword ptr [0x00597248]	ghidra-ref
primarySelected	0x0046F9C3	0x0046F5B0	READ	0	1	0x00597248	MOV EAX,[0x00597248]	ghidra-ref
primarySelected	0x00480BAF	0x00480B90	READ	0	1	0x00597248	MOV EDX,dword ptr [0x00597248]	ghidra-ref
primarySelected	0x00480CD2	0x00480C20	READ	0	1	0x00597248	MOV EDX,dword ptr [0x00597248]	ghidra-ref
primarySelected	0x00480F33	0x00480EE0	READ	0	1	0x00597248	MOV EDX,dword ptr [0x00597248]	ghidra-ref
primarySelected	0x004847B5	0x004846E0	READ	0	1	0x00597248	MOV EAX,[0x00597248]	ghidra-ref
primarySelected	0x0048DA4E	0x0048DA30	READ	0	1	0x00597248	MOV EAX,[0x00597248]	ghidra-ref
primarySelected	0x0048DA59	0x0048DA30	READ	0	1	0x00597248	MOV ECX,dword ptr [0x00597248]	ghidra-ref
primarySelected	0x0048DD0C	0x0048DCE0	READ	0	1	0x00597248	MOV ECX,dword ptr [0x00597248]	ghidra-ref
primarySelected	0x0048DD82	0x0048DCE0	READ	0	1	0x00597248	MOV EAX,[0x00597248]	ghidra-ref
primarySelected	0x0048DDA0	0x0048DDA0	READ	0	1	0x00597248	MOV ECX,dword ptr [0x00597248]	ghidra-ref
primarySelected	0x0048E284	0x0048E210	READ	0	1	0x00597248	MOV ESI,dword ptr [0x00597248]	ghidra-ref
primarySelected	0x0048E549	0x0048E4E0	READ	0	1	0x00597248	MOV EAX,[0x00597248]	ghidra-ref
primarySelected	0x0048E555	0x0048E4E0	READ	0	1	0x00597248	MOV EAX,[0x00597248]	ghidra-ref
primarySelected	0x0048E69F	0x0048E640	READ	0	1	0x00597248	MOV EAX,[0x00597248]	ghidra-ref
primarySelected	0x0048E6B8	0x0048E640	READ	0	1	0x00597248	MOV EAX,[0x00597248]	ghidra-ref
primarySelected	0x0048E775	0x0048E730	READ	0	1	0x00597248	MOV EAX,[0x00597248]	ghidra-ref
primarySelected	0x0048E7E8	0x0048E730	READ	0	1	0x00597248	MOV EAX,[0x00597248]	ghidra-ref
primarySelected	0x0048E80A	0x0048E730	READ	0	1	0x00597248	MOV EAX,[0x00597248]	ghidra-ref
primarySelected	0x004A08EF	0x004A0740	READ	0	1	0x00597248	MOV ECX,dword ptr [0x00597248]	ghidra-ref
primarySelected	0x004BF93F	0x004BF8C0	UNCLASSIFIED	0	1	0x00597248	MOV EDX,dword ptr [EAX*0x4 + 0x597248]	raw-dword-only
primarySelected	0x004C02C6	0x004C02C0	READ	0	1	0x00597248	MOV EAX,[0x00597248]	ghidra-ref
primarySelected	0x004C3890	0x004C3780	WRITE	0	1	0x00597248	MOV dword ptr [0x00597248],EDI	ghidra-ref
primarySelected	0x004C38CD	0x004C38B0	WRITE	0	1	0x00597248	MOV dword ptr [0x00597248],ESI	ghidra-ref
primarySelected	0x004C3901	0x004C38B0	WRITE	0	1	0x00597248	MOV dword ptr [0x00597248],ESI	ghidra-ref
primarySelected	0x004C3C4F	0x004C3BB0	WRITE	0	1	0x00597248	MOV dword ptr [0x00597248],EBX	ghidra-ref
primarySelected	0x004E568A	0x004E5640	READ	0	1	0x00597248	MOV EAX,[0x00597248]	ghidra-ref
recentSelectionTimes	0x00494C6A		UNCLASSIFIED	21	1	0x0063FE94	?? 94h	raw-dword-only
recentSelectionTimes	0x00494CB7	0x00494C70	DATA	21	1	0x0063FE94	LEA ECX,[ECX + 0x63fe94]	ghidra-ref
recentSelectionTimes	0x00494CD0	0x00494C70	DATA	21	1	0x0063FE94	LEA ECX,[ECX + 0x63fe94]	ghidra-ref
recentSelectionTimes	0x004953CA	0x00495370	DATA	21	1	0x0063FE94	LEA EAX,[EAX + 0x63fe94]	ghidra-ref
recentSelectionTimes	0x004953E7	0x00495370	DATA	21	1	0x0063FE94	LEA EAX,[EAX + 0x63fe94]	ghidra-ref
recentSelectionTimes	0x00495C69	0x00495B50	DATA	21	1	0x0063FE94	LEA EAX,[EAX + 0x63fe94]	ghidra-ref
recentSelectionTimes	0x00495C8E	0x00495B50	DATA	21	1	0x0063FE94	LEA EAX,[EAX + 0x63fe94]	ghidra-ref
recentSelectionTimes	0x00496566	0x00496560	DATA	4	1	0x0063FE50	ADD ECX,0x63fe50	ghidra-ref
recentSelectionTimes	0x00496585	0x00496560	DATA	3	1	0x0063FE4C	MOV CX,word ptr [EDI]	ghidra-ref
recentSelectionTimes	0x004965B4	0x004965A0	DATA	0	1	0x0063FE40	MOV EDI,0x63fe40	ghidra-ref
recentSelectionTimes	0x004965B9	0x004965A0	WRITE	0,1	2	0x0063FE40	STOSD.REP ES:EDI	ghidra-ref
recentSelectionTimes	0x004967CC		UNCLASSIFIED	0	1	0x0063FE40	?? 40h    @	raw-dword-only
recentSelectionTimes	0x00496B2A	0x00496940	DATA	0	1	0x0063FE40	MOV word ptr [EDX*0x2 + 0x63fe40],AX	ghidra-ref
recentSelectionTimes	0x00496D7F	0x00496D30	UNCLASSIFIED	0	1	0x0063FE40	MOV SI,word ptr [ESI*0x2 + 0x63fe40]	raw-dword-only
recentSelectionTimes	0x00496D8A	0x00496D30	DATA	0	1	0x0063FE40	CMP SI,word ptr [EBX*0x2 + 0x63fe40]	ghidra-ref
recentSelectionTimes	0x00496DA4	0x00496D30	UNCLASSIFIED	0	1	0x0063FE40	MOV SI,word ptr [ESI*0x2 + 0x63fe40]	raw-dword-only
recentSelectionTimes	0x00496DAF	0x00496D30	UNCLASSIFIED	0	1	0x0063FE40	CMP SI,word ptr [EBX*0x2 + 0x63fe40]	raw-dword-only
recentSelectionTimes	0x00496DCA	0x00496D30	UNCLASSIFIED	0	1	0x0063FE40	MOV SI,word ptr [ESI*0x2 + 0x63fe40]	raw-dword-only
recentSelectionTimes	0x00496DD5	0x00496D30	UNCLASSIFIED	0	1	0x0063FE40	CMP SI,word ptr [EBX*0x2 + 0x63fe40]	raw-dword-only
recentSelectionTimes	0x00496DF0	0x00496D30	UNCLASSIFIED	0	1	0x0063FE40	MOV SI,word ptr [ESI*0x2 + 0x63fe40]	raw-dword-only
recentSelectionTimes	0x00496DFB	0x00496D30	UNCLASSIFIED	0	1	0x0063FE40	CMP SI,word ptr [EBX*0x2 + 0x63fe40]	raw-dword-only
recentSelectionTimes	0x00496E16	0x00496D30	UNCLASSIFIED	0	1	0x0063FE40	MOV SI,word ptr [ESI*0x2 + 0x63fe40]	raw-dword-only
recentSelectionTimes	0x00496E21	0x00496D30	UNCLASSIFIED	0	1	0x0063FE40	CMP SI,word ptr [EBX*0x2 + 0x63fe40]	raw-dword-only
recentSelectionTimes	0x00496E3C	0x00496D30	UNCLASSIFIED	0	1	0x0063FE40	MOV SI,word ptr [ESI*0x2 + 0x63fe40]	raw-dword-only
recentSelectionTimes	0x00496E47	0x00496D30	UNCLASSIFIED	0	1	0x0063FE40	CMP SI,word ptr [EBX*0x2 + 0x63fe40]	raw-dword-only
recentSelectionTimes	0x004BFC3E	0x004BFB40	DATA	0	1	0x0063FE40	MOV word ptr [EAX*0x2 + 0x63fe40],CX	ghidra-ref
recentSelectionTimes	0x004C270A	0x004C2560	DATA	4	1	0x0063FE50	ADD EAX,0x63fe50	ghidra-ref
recentSelectionTimes	0x004C273E	0x004C2560	UNCLASSIFIED	0	1	0x0063FE40	MOV word ptr [ECX*0x2 + 0x63fe40],DX	raw-dword-only
recentSelectionTimes	0x004C2854	0x004C2750	DATA	0	1	0x0063FE40	MOV word ptr [EAX*0x2 + 0x63fe40],CX	ghidra-ref
recentSelectionTimes	0x004EEC84	0x004EEC30	DATA	0	1	0x0063FE40	MOV EDI,0x63fe40	ghidra-ref
recentSelectionTimes	0x004EEC89	0x004EEC30	WRITE	0,1	2	0x0063FE40	STOSD.REP ES:EDI	ghidra-ref
selectCommandUser	0x00455C5D	0x00455A00	READ	0	1	0x0051267C	MOV ECX,dword ptr [0x0051267c]	ghidra-ref
selectCommandUser	0x0045DA11	0x0045D910	READ	0	1	0x0051267C	MOV EDX,dword ptr [0x0051267c]	ghidra-ref
selectCommandUser	0x00464ED5	0x00464E40	READ	0	1	0x0051267C	MOV EDX,dword ptr [0x0051267c]	ghidra-ref
selectCommandUser	0x0047459C	0x00474540	READ	0	1	0x0051267C	MOV ECX,dword ptr [0x0051267c]	ghidra-ref
selectCommandUser	0x0047463D	0x004745F0	READ	0	1	0x0051267C	MOV ECX,dword ptr [0x0051267c]	ghidra-ref
selectCommandUser	0x00485EBD	0x00485E60	READ	0	1	0x0051267C	MOV ECX,dword ptr [0x0051267c]	ghidra-ref
selectCommandUser	0x00485EF9	0x00485E60	READ	0	1	0x0051267C	MOV ECX,dword ptr [0x0051267c]	ghidra-ref
selectCommandUser	0x00486FA9	0x00486F50	WRITE	0	1	0x0051267C	MOV dword ptr [0x0051267c],EDX	ghidra-ref
selectCommandUser	0x00487013	0x00486F50	WRITE	0	1	0x0051267C	MOV [0x0051267c],EAX	ghidra-ref
selectCommandUser	0x004871DB	0x00487100	WRITE	0	1	0x0051267C	MOV [0x0051267c],EAX	ghidra-ref
selectCommandUser	0x00487230	0x00487100	WRITE	0	1	0x0051267C	MOV [0x0051267c],EAX	ghidra-ref
selectCommandUser	0x0048CF0C	0x0048CF00	READ	0	1	0x0051267C	MOV EDX,dword ptr [0x0051267c]	ghidra-ref
selectCommandUser	0x0048D985	0x0048D930	READ	0	1	0x0051267C	MOV EDX,dword ptr [0x0051267c]	ghidra-ref
selectCommandUser	0x0048E536	0x0048E4E0	READ	0	1	0x0051267C	MOV ECX,dword ptr [0x0051267c]	ghidra-ref
selectCommandUser	0x0048E68C	0x0048E640	READ	0	1	0x0051267C	MOV EDX,dword ptr [0x0051267c]	ghidra-ref
selectCommandUser	0x0048EED1	0x0048EE30	READ	0	1	0x0051267C	MOV ECX,dword ptr [0x0051267c]	ghidra-ref
selectCommandUser	0x0048EF51	0x0048EF30	READ	0	1	0x0051267C	MOV EDX,dword ptr [0x0051267c]	ghidra-ref
selectCommandUser	0x0048F789	0x0048F6C0	READ	0	1	0x0051267C	MOV EDX,dword ptr [0x0051267c]	ghidra-ref
selectCommandUser	0x0048F879	0x0048F7B0	READ	0	1	0x0051267C	MOV EDX,dword ptr [0x0051267c]	ghidra-ref
selectCommandUser	0x00492785	0x004926D0	READ	0	1	0x0051267C	MOV ECX,dword ptr [0x0051267c]	ghidra-ref
selectCommandUser	0x004929A1	0x00492850	READ	0	1	0x0051267C	MOV ECX,dword ptr [0x0051267c]	ghidra-ref
selectCommandUser	0x00494597	0x00494470	READ	0	1	0x0051267C	MOV EDX,dword ptr [0x0051267c]	ghidra-ref
selectCommandUser	0x004965DA	0x004965D0	READ	0	1	0x0051267C	MOV EBX,dword ptr [0x0051267c]	ghidra-ref
selectCommandUser	0x004967A4		UNCLASSIFIED	0	1	0x0051267C	?? 7Ch    |	raw-dword-only
selectCommandUser	0x0049694C	0x00496940	READ	0	1	0x0051267C	MOV ESI,dword ptr [0x0051267c]	ghidra-ref
selectCommandUser	0x00496AAF	0x00496940	READ	0	1	0x0051267C	MOV ESI,dword ptr [0x0051267c]	ghidra-ref
selectCommandUser	0x0049A860	0x0049A850	READ	0	1	0x0051267C	MOV EAX,[0x0051267c]	ghidra-ref
selectCommandUser	0x0049E56D	0x0049E530	READ	0	1	0x0051267C	MOV EDX,dword ptr [0x0051267c]	ghidra-ref
selectCommandUser	0x004BB37D	0x004BB300	READ	0	1	0x0051267C	MOV EBX,dword ptr [0x0051267c]	ghidra-ref
selectCommandUser	0x004BB38E	0x004BB300	WRITE	0	1	0x0051267C	MOV dword ptr [0x0051267c],ECX	ghidra-ref
selectCommandUser	0x004BB3D3	0x004BB300	WRITE	0	1	0x0051267C	MOV dword ptr [0x0051267c],EBX	ghidra-ref
selectCommandUser	0x004BF820	0x004BF820	READ	0	1	0x0051267C	MOV EAX,[0x0051267c]	ghidra-ref
selectCommandUser	0x004BFBB0	0x004BFB40	READ	0	1	0x0051267C	MOV EBX,dword ptr [0x0051267c]	ghidra-ref
selectCommandUser	0x004BFC19	0x004BFB40	READ	0	1	0x0051267C	MOV ESI,dword ptr [0x0051267c]	ghidra-ref
selectCommandUser	0x004C0AD9	0x004C0AD0	READ	0	1	0x0051267C	MOV EAX,[0x0051267c]	ghidra-ref
selectCommandUser	0x004C0B60	0x004C0B00	READ	0	1	0x0051267C	MOV ECX,dword ptr [0x0051267c]	ghidra-ref
selectCommandUser	0x004C0B85	0x004C0B00	READ	0	1	0x0051267C	MOV ECX,dword ptr [0x0051267c]	ghidra-ref
selectCommandUser	0x004C0BEC	0x004C0BC0	READ	0	1	0x0051267C	MOV EAX,[0x0051267c]	ghidra-ref
selectCommandUser	0x004C0C28	0x004C0BC0	READ	0	1	0x0051267C	MOV EAX,[0x0051267c]	ghidra-ref
selectCommandUser	0x004C2576	0x004C2560	READ	0	1	0x0051267C	MOV EAX,[0x0051267c]	ghidra-ref
selectCommandUser	0x004C2650	0x004C2560	READ	0	1	0x0051267C	MOV EAX,[0x0051267c]	ghidra-ref
selectCommandUser	0x004C267C	0x004C2560	READ	0	1	0x0051267C	CMP dword ptr [0x0051267c],0x8	ghidra-ref
selectCommandUser	0x004C26AB	0x004C2560	READ	0	1	0x0051267C	MOV EAX,[0x0051267c]	ghidra-ref
selectCommandUser	0x004C26F2	0x004C2560	READ	0	1	0x0051267C	MOV EDI,dword ptr [0x0051267c]	ghidra-ref
selectCommandUser	0x004C2766	0x004C2750	READ	0	1	0x0051267C	MOV EDI,dword ptr [0x0051267c]	ghidra-ref
selectCommandUser	0x004C2808	0x004C2750	READ	0	1	0x0051267C	MOV EDI,dword ptr [0x0051267c]	ghidra-ref
selectCommandUser	0x004C2A39	0x004C2910	READ	0	1	0x0051267C	MOV EDI,dword ptr [0x0051267c]	ghidra-ref
selectCommandUser	0x004C2A4B	0x004C2910	WRITE	0	1	0x0051267C	MOV [0x0051267c],EAX	ghidra-ref
selectCommandUser	0x004C2A60	0x004C2910	WRITE	0	1	0x0051267C	MOV dword ptr [0x0051267c],EDI	ghidra-ref
selectCommandUser	0x004D03A3	0x004D02D0	READ	0	1	0x0051267C	MOV EBX,dword ptr [0x0051267c]	ghidra-ref
selectCommandUser	0x004D03B5	0x004D02D0	WRITE	0	1	0x0051267C	MOV dword ptr [0x0051267c],EDX	ghidra-ref
selectCommandUser	0x004D03CB	0x004D02D0	WRITE	0	1	0x0051267C	MOV dword ptr [0x0051267c],EBX	ghidra-ref
selectCommandUser	0x004D4ACB	0x004D4AC0	WRITE	0	1	0x0051267C	MOV dword ptr [0x0051267c],ECX	ghidra-ref
selectCommandUser	0x004E421F	0x004E4210	READ	0	1	0x0051267C	MOV EAX,[0x0051267c]	ghidra-ref
selectCommandUser	0x004EE196	0x004EE180	WRITE	0	1	0x0051267C	MOV [0x0051267c],EAX	ghidra-ref
selectionSoundCooldown	0x0048E980	0x0048E980	READ	0	1	0x0064087C	MOV EAX,[0x0064087c]	ghidra-ref
selectionSoundCooldown	0x0048E98A	0x0048E980	WRITE	0	1	0x0064087C	MOV [0x0064087c],EAX	ghidra-ref
selectionSoundCooldown	0x0048F950	0x0048F910	READ	0	1	0x0064087C	CMP dword ptr [0x0064087c],EDI	ghidra-ref
selectionSoundCooldown	0x0048F95E	0x0048F910	WRITE	0	1	0x0064087C	MOV dword ptr [0x0064087c],0xa	ghidra-ref
selectionSoundCooldown	0x0048FB4D	0x0048FB40	WRITE	0	1	0x0064087C	MOV dword ptr [0x0064087c],EBX	ghidra-ref
