field	addr	function	funcEntry	mnemonic	opIndex	baseReg	access	text
0xC6	0x00426561	FUN_00426500	0x00426500	MOVZX	1	ESI	r	MOVZX EDX,word ptr [ESI + 0xc6]
0xC6	0x00426751	FUN_004266f0	0x004266F0	MOVZX	1	EAX	r	MOVZX EDX,word ptr [EAX + 0xc6]
0xC6	0x00453E1F	FUN_00453dd0	0x00453DD0	MOV	0	ESI	w	MOV word ptr [ESI + 0xc6],0x0
0xC6	0x00453EA5	FUN_00453e30	0x00453E30	MOV	0	EDX	w	MOV word ptr [EDX + 0xc6],0x0
0xC6	0x0045426F	FUN_00454220	0x00454220	MOV	0	ESI	w	MOV word ptr [ESI + 0xc6],AX
0xC6	0x004542E0	FUN_00454280	0x00454280	MOV	0	ESI	w	MOV word ptr [ESI + 0xc6],0x0
0xC6	0x004546CC	FUN_004546a0	0x004546A0	MOV	1	ESI	r	MOV AX,word ptr [ESI + 0xc6]
0xC6	0x004546D9	FUN_004546a0	0x004546A0	MOV	0	ESI	w	MOV word ptr [ESI + 0xc6],DI
0xC6	0x004548D0	FUN_004548b0	0x004548B0	MOV	1	ESI	r	MOV CX,word ptr [ESI + 0xc6]
0xC6	0x004548DF	FUN_004548b0	0x004548B0	MOV	0	ESI	w	MOV word ptr [ESI + 0xc6],DX
0xC6	0x00454ABD	FUN_00454a80	0x00454A80	MOV	0	ESI	w	MOV word ptr [ESI + 0xc6],AX
0xC6	0x00454C08	FUN_00454b70	0x00454B70	MOV	0	EDX	w	MOV word ptr [EDX + 0xc6],AX
0xC6	0x004692F5	FUN_00469240	0x00469240	CMP	0	ESI	r	CMP word ptr [ESI + 0xc6],DI
0xC6	0x0046931C	FUN_00469240	0x00469240	MOV	0	ESI	w	MOV word ptr [ESI + 0xc6],DI
0xC6	0x004693FA	FUN_00469240	0x00469240	MOV	0	ESI	w	MOV word ptr [ESI + 0xc6],AX
0xC8	0x004247A5	FUN_00424780	0x00424780	MOV	1	ESI	r	MOV BL,byte ptr [ESI + 0xc8]
0xC8	0x004247D0	FUN_00424780	0x00424780	MOV	1	ESI	r	MOV CL,byte ptr [ESI + 0xc8]
0xC8	0x00424910	FUN_004248f0	0x004248F0	ADD	1	EAX	r	ADD CL,byte ptr [EAX + 0xc8]
0xC8	0x00424924	FUN_004248f0	0x004248F0	MOV	1	EAX	r	MOV CL,byte ptr [EAX + 0xc8]
0xC8	0x004253EC	FUN_004253d0	0x004253D0	MOV	1	EDX	r	MOV CL,byte ptr [EDX + 0xc8]
0xC8	0x00425406	FUN_004253d0	0x004253D0	ADD	1	EDX	r	ADD CL,byte ptr [EDX + 0xc8]
0xC8	0x00425C05	FUN_00425b50	0x00425B50	CMP	0	ESI	r	CMP byte ptr [ESI + 0xc8],0x2c
0xC8	0x00426742	FUN_004266f0	0x004266F0	MOVZX	1	EAX	r	MOVZX EDX,byte ptr [EAX + 0xc8]
0xC8	0x004267A9	FUN_004266f0	0x004266F0	MOVZX	1	ECX	r	MOVZX EDX,byte ptr [ECX + 0xc8]
0xC8	0x004267C2	FUN_004266f0	0x004266F0	MOVZX	1	ECX	r	MOVZX CX,byte ptr [ECX + 0xc8]
0xC8	0x004287EB	FUN_004287d0	0x004287D0	CMP	0	ESI	r	CMP byte ptr [ESI + 0xc8],0x2c
0xC8	0x004288E6	FUN_004288e0	0x004288E0	MOV	1	ECX	r	MOV DL,byte ptr [ECX + 0xc8]
0xC8	0x0043257C	FUN_00432530	0x00432530	MOVZX	1	EAX	r	MOVZX ECX,byte ptr [EAX + 0xc8]
0xC8	0x00433E42	FUN_00433dd0	0x00433DD0	MOV	0	EBX	w	MOV dword ptr [EBX + 0xc8],ESI
0xC8	0x00435295	FUN_00435210	0x00435210	MOV	1	EBX	r	MOV ECX,dword ptr [EBX + 0xc8]
0xC8	0x0043E46F	FUN_0043e400	0x0043E400	ADD	1	ESI	r	ADD AL,byte ptr [ESI + 0xc8]
0xC8	0x0043F6FB	FUN_0043f320	0x0043F320	ADD	1	EBX	r	ADD AL,byte ptr [EBX + 0xc8]
0xC8	0x00453DD2	FUN_00453dd0	0x00453DD0	MOV	1	ESI	r	MOV AL,byte ptr [ESI + 0xc8]
0xC8	0x00453DE5	FUN_00453dd0	0x00453DD0	MOVZX	1	ESI	r	MOVZX ECX,byte ptr [ESI + 0xc8]
0xC8	0x00453E18	FUN_00453dd0	0x00453DD0	MOV	0	ESI	w	MOV byte ptr [ESI + 0xc8],0x2c
0xC8	0x00453E30	FUN_00453e30	0x00453E30	MOV	1	EDX	r	MOV CL,byte ptr [EDX + 0xc8]
0xC8	0x00453E68	FUN_00453e30	0x00453E30	MOVZX	1	EDX	r	MOVZX ECX,byte ptr [EDX + 0xc8]
0xC8	0x00453E9E	FUN_00453e30	0x00453E30	MOV	0	EDX	w	MOV byte ptr [EDX + 0xc8],0x2c
0xC8	0x004548BA	FUN_004548b0	0x004548B0	MOV	1	ESI	r	MOV AL,byte ptr [ESI + 0xc8]
0xC8	0x00454928	FUN_004548b0	0x004548B0	MOVZX	1	ESI	r	MOVZX CX,byte ptr [ESI + 0xc8]
0xC8	0x004549A0	FUN_004548b0	0x004548B0	MOVZX	1	ESI	r	MOVZX ECX,byte ptr [ESI + 0xc8]
0xC8	0x004549DB	FUN_004548b0	0x004548B0	MOV	0	ESI	w	MOV byte ptr [ESI + 0xc8],0x2c
0xC8	0x00454BFA	FUN_00454b70	0x00454B70	MOV	0	EDX	w	MOV byte ptr [EDX + 0xc8],AL
0xC8	0x0045FE9E	FUN_0045fe80	0x0045FE80	MOV	1	EDX	r	MOV CL,byte ptr [EDX + 0xc8]
0xC8	0x00465204	FUN_00465200	0x00465200	MOV	1	EDI	r	MOV BL,byte ptr [EDI + 0xc8]
0xC8	0x004652B0	FUN_004652a0	0x004652A0	MOV	0	EAX	w	MOV dword ptr [EAX + 0xc8],EDX
0xC8	0x004652B7	FUN_004652a0	0x004652A0	MOV	1	EAX	r	MOV ECX,dword ptr [EAX + 0xc8]
0xC8	0x00465305	FUN_004652a0	0x004652A0	DEC	0	ECX	rw	DEC byte ptr [ECX + 0xc8]
0xC8	0x00465315	FUN_004652a0	0x004652A0	MOV	1	EAX	r	MOV EDX,dword ptr [EAX + 0xc8]
0xC8	0x0046531B	FUN_004652a0	0x004652A0	MOV	0	ECX	w	MOV dword ptr [ECX + 0xc8],EDX
0xC8	0x00465B93	FUN_00465a60	0x00465A60	MOVZX	1	ESI	r	MOVZX EAX,byte ptr [ESI + 0xc8]
0xC8	0x00466170	FUN_00466170	0x00466170	MOV	1	ESI	r	MOV AL,byte ptr [ESI + 0xc8]
0xC8	0x0046619D	FUN_00466170	0x00466170	MOV	1	ESI	r	MOV CL,byte ptr [ESI + 0xc8]
0xC8	0x004661A9	FUN_00466170	0x00466170	MOV	0	ESI	w	MOV byte ptr [ESI + 0xc8],CL
0xC8	0x00466243	FUN_00466170	0x00466170	MOV	0	EDX	w	MOV dword ptr [EDX + 0xc8],EBX
0xC8	0x00466270	FUN_00466270	0x00466270	MOV	1	EAX	r	MOV EDX,dword ptr [EAX + 0xc8]
0xC8	0x0046629F	FUN_00466270	0x00466270	MOV	1	EAX	r	MOV ESI,dword ptr [EAX + 0xc8]
0xC8	0x004662A5	FUN_00466270	0x00466270	MOV	0	EDX	w	MOV dword ptr [EDX + 0xc8],ESI
0xC8	0x004662BD	FUN_00466270	0x00466270	MOV	0	EAX	w	MOV dword ptr [EAX + 0xc8],0x0
0xC8	0x004662D2	FUN_00466270	0x00466270	MOV	0	EDX	w	MOV dword ptr [EDX + 0xc8],EAX
0xC8	0x004662D8	FUN_00466270	0x00466270	MOV	1	ECX	r	MOV DL,byte ptr [ECX + 0xc8]
0xC8	0x004662E6	FUN_00466270	0x00466270	MOV	0	ECX	w	MOV byte ptr [ECX + 0xc8],DL
0xC8	0x00466315	FUN_00466300	0x00466300	MOV	0	ESI	w	MOV dword ptr [ESI + 0xc8],ECX
0xC8	0x00466325	FUN_00466300	0x00466300	MOV	0	EAX	w	MOV dword ptr [EAX + 0xc8],ESI
0xC8	0x0046632B	FUN_00466300	0x00466300	MOV	1	EDI	r	MOV AL,byte ptr [EDI + 0xc8]
0xC8	0x00466339	FUN_00466300	0x00466300	MOV	0	EDI	w	MOV byte ptr [EDI + 0xc8],AL
0xC8	0x0046653F	FUN_00466440	0x00466440	MOV	1	EDI	r	MOV ECX,dword ptr [EDI + 0xc8]
0xC8	0x00466545	FUN_00466440	0x00466440	MOV	0	EAX	w	MOV dword ptr [EAX + 0xc8],ECX
0xC8	0x0046654B	FUN_00466440	0x00466440	MOV	1	EDI	r	MOV EAX,dword ptr [EDI + 0xc8]
0xC8	0x00466561	FUN_00466440	0x00466440	MOV	1	ESI	r	MOV DL,byte ptr [ESI + 0xc8]
0xC8	0x0046656F	FUN_00466440	0x00466440	MOV	0	ESI	w	MOV byte ptr [ESI + 0xc8],DL
0xC8	0x0046657B	FUN_00466440	0x00466440	MOV	0	EDI	w	MOV dword ptr [EDI + 0xc8],EBX
0xC8	0x0046658B	FUN_00466440	0x00466440	MOV	0	EAX	w	MOV dword ptr [EAX + 0xc8],EDI
0xC8	0x0046914B	FUN_004690c0	0x004690C0	MOV	1	ESI	r	MOV EAX,dword ptr [ESI + 0xc8]
0xC8	0x004693D7	FUN_00469240	0x00469240	MOV	0	ESI	w	MOV dword ptr [ESI + 0xc8],EDI
0xC8	0x004694AC	FUN_00469240	0x00469240	MOV	0	ESI	w	MOV dword ptr [ESI + 0xc8],ECX
0xC8	0x0046963F	FUN_00469500	0x00469500	MOV	0	ESI	w	MOV dword ptr [ESI + 0xc8],ECX
0xC8	0x0046D7AD	FUN_0046d610	0x0046D610	CMP	0	ESI	r	CMP byte ptr [ESI + 0xc8],0x2c
0xC8	0x0046D81F	FUN_0046d610	0x0046D610	CMP	0	ESI	r	CMP byte ptr [ESI + 0xc8],0x2c
0xC8	0x0046E3A5	FUN_0046e1c0	0x0046E1C0	CMP	0	ESI	r	CMP byte ptr [ESI + 0xc8],0x2c
0xC8	0x0046E3FE	FUN_0046e1c0	0x0046E1C0	CMP	0	ESI	r	CMP byte ptr [ESI + 0xc8],0x2c
0xC8	0x0046E470	FUN_0046e1c0	0x0046E1C0	ADD	1	ESI	r	ADD BL,byte ptr [ESI + 0xc8]
0xC8	0x004761C7	FUN_00476180	0x00476180	ADD	1	ECX	r	ADD BL,byte ptr [ECX + 0xc8]
0xC8	0x004761DB	FUN_00476180	0x00476180	MOV	1	ECX	r	MOV AL,byte ptr [ECX + 0xc8]
0xC8	0x0047CA56	FUN_0047c9f0	0x0047C9F0	CMP	0	EDI	r	CMP byte ptr [EDI + 0xc8],0x2c
0xC8	0x0049E5F2	FUN_0049e590	0x0049E590	CMP	0	ESI	r	CMP dword ptr [ESI + 0xc8],EBX
0xC8	0x0049E5FA	FUN_0049e590	0x0049E590	MOV	0	ESI	w	MOV dword ptr [ESI + 0xc8],EDI
0xC8	0x0049E851	FUN_0049e790	0x0049E790	CMP	0	EAX	r	CMP byte ptr [EAX + 0xc8],0x18
0xC8	0x0049E85A	FUN_0049e790	0x0049E790	MOV	0	EAX	w	MOV byte ptr [EAX + 0xc8],0x2c
0xC8	0x0049EED0	FUN_0049ecf0	0x0049ECF0	MOV	0	EDI	w	MOV byte ptr [EDI + 0xc8],0x2c
0xC8	0x0049FD42	FUN_0049fd00	0x0049FD00	CMP	0	ESI	r	CMP byte ptr [ESI + 0xc8],0x2c
0xC8	0x004C1656	FUN_004c1620	0x004C1620	CMP	0	ESI	r	CMP byte ptr [ESI + 0xc8],0x2c
0xC8	0x004CD311	FUN_004cd260	0x004CD260	MOV	0	ESI	w	MOV dword ptr [ESI + 0xc8],0x0
0xC8	0x004CD325	FUN_004cd260	0x004CD260	MOV	0	EAX	w	MOV dword ptr [EAX + 0xc8],ESI
0xC8	0x004CD32B	FUN_004cd260	0x004CD260	MOV	1	EDI	r	MOV AL,byte ptr [EDI + 0xc8]
0xC8	0x004CD339	FUN_004cd260	0x004CD260	MOV	0	EDI	w	MOV byte ptr [EDI + 0xc8],AL
0xC8	0x004D1048			MOV	1	ESI	r	MOV EAX,dword ptr [ESI + 0xc8]
0xC8	0x004E2FF2	FUN_004e2e20	0x004E2E20	MOV	1	ESI	r	MOV EAX,dword ptr [ESI + 0xc8]
0xC8	0x004E3011	FUN_004e2e20	0x004E2E20	MOV	0	ESI	w	MOV dword ptr [ESI + 0xc8],EAX
0xC8	0x004E30CF	FUN_004e2e20	0x004E2E20	MOV	1	ESI	r	MOV EAX,dword ptr [ESI + 0xc8]
0xC8	0x004E30EE	FUN_004e2e20	0x004E2E20	MOV	0	ESI	w	MOV dword ptr [ESI + 0xc8],EAX
0xC8	0x004E3689	FUN_004e3410	0x004E3410	MOV	1	ESI	r	MOV EDI,dword ptr [ESI + 0xc8]
0xC8	0x004E36CE	FUN_004e3410	0x004E3410	MOV	0	ESI	w	MOV dword ptr [ESI + 0xc8],EAX
0xC8	0x004E3816	FUN_004e3410	0x004E3410	MOV	1	ESI	r	MOV EDI,dword ptr [ESI + 0xc8]
0xC8	0x004E385B	FUN_004e3410	0x004E3410	MOV	0	ESI	w	MOV dword ptr [ESI + 0xc8],EAX
0xC8	0x004F657E	FUN_004f6420	0x004F6420	MOVZX	1	EDI	r	MOVZX EAX,byte ptr [EDI + 0xc8]
0xC8	0x004F65B7	FUN_004f65b0	0x004F65B0	MOVZX	1	EAX	r	MOVZX ECX,byte ptr [EAX + 0xc8]
0xC8	0x004F65F9	FUN_004f65b0	0x004F65B0	MOV	0	EDI	w	MOV dword ptr [EDI + 0xc8],0x0
0xC8	0x004F660D	FUN_004f65b0	0x004F65B0	MOV	0	EAX	w	MOV dword ptr [EAX + 0xc8],EDI
0xC8	0x004F6613	FUN_004f65b0	0x004F65B0	MOV	1	ESI	r	MOV AL,byte ptr [ESI + 0xc8]
0xC8	0x004F6621	FUN_004f65b0	0x004F65B0	MOV	0	ESI	w	MOV byte ptr [ESI + 0xc8],AL
0xC8	0x004F667D	FUN_004f65b0	0x004F65B0	MOV	0	EDI	w	MOV dword ptr [EDI + 0xc8],0x0
0xC8	0x004F6691	FUN_004f65b0	0x004F65B0	MOV	0	EAX	w	MOV dword ptr [EAX + 0xc8],EDI
0xC8	0x004F6697	FUN_004f65b0	0x004F65B0	MOV	1	ESI	r	MOV AL,byte ptr [ESI + 0xc8]
0xC8	0x004F66A5	FUN_004f65b0	0x004F65B0	MOV	0	ESI	w	MOV byte ptr [ESI + 0xc8],AL
0xC9	0x0042479F	FUN_00424780	0x00424780	MOV	1	ESI	r	MOV AL,byte ptr [ESI + 0xc9]
0xC9	0x0042490A	FUN_004248f0	0x004248F0	MOV	1	EAX	r	MOV CL,byte ptr [EAX + 0xc9]
0xC9	0x00425400	FUN_004253d0	0x004253D0	MOV	1	EDX	r	MOV CL,byte ptr [EDX + 0xc9]
0xC9	0x00425C0E	FUN_00425b50	0x00425B50	CMP	0	ESI	r	CMP byte ptr [ESI + 0xc9],0x3d
0xC9	0x00426553	FUN_00426500	0x00426500	MOV	1	ESI	r	MOV BL,byte ptr [ESI + 0xc9]
0xC9	0x004265C6	FUN_00426500	0x00426500	MOVZX	1	ECX	r	MOVZX EDX,byte ptr [ECX + 0xc9]
0xC9	0x004265DF	FUN_00426500	0x00426500	MOVZX	1	ECX	r	MOVZX CX,byte ptr [ECX + 0xc9]
0xC9	0x004287F4	FUN_004287d0	0x004287D0	CMP	0	ESI	r	CMP byte ptr [ESI + 0xc9],0x3d
0xC9	0x00428906	FUN_00428900	0x00428900	MOV	1	ECX	r	MOV DL,byte ptr [ECX + 0xc9]
0xC9	0x004325F1	FUN_004325a0	0x004325A0	MOVZX	1	ECX	r	MOVZX EDX,byte ptr [ECX + 0xc9]
0xC9	0x0043E469	FUN_0043e400	0x0043E400	MOV	1	ESI	r	MOV AL,byte ptr [ESI + 0xc9]
0xC9	0x0043F6F5	FUN_0043f320	0x0043F320	MOV	1	EBX	r	MOV AL,byte ptr [EBX + 0xc9]
0xC9	0x00454220	FUN_00454220	0x00454220	MOV	1	ESI	r	MOV CL,byte ptr [ESI + 0xc9]
0xC9	0x00454236	FUN_00454220	0x00454220	MOVZX	1	ESI	r	MOVZX ECX,byte ptr [ESI + 0xc9]
0xC9	0x00454268	FUN_00454220	0x00454220	MOV	0	ESI	w	MOV byte ptr [ESI + 0xc9],0x3d
0xC9	0x00454291	FUN_00454280	0x00454280	MOV	1	ESI	r	MOV AL,byte ptr [ESI + 0xc9]
0xC9	0x004542A6	FUN_00454280	0x00454280	MOVZX	1	ESI	r	MOVZX ECX,byte ptr [ESI + 0xc9]
0xC9	0x004542D9	FUN_00454280	0x00454280	MOV	0	ESI	w	MOV byte ptr [ESI + 0xc9],0x3d
0xC9	0x004546BB	FUN_004546a0	0x004546A0	MOV	1	ESI	r	MOV CL,byte ptr [ESI + 0xc9]
0xC9	0x00454722	FUN_004546a0	0x004546A0	MOV	1	ESI	r	MOV CL,byte ptr [ESI + 0xc9]
0xC9	0x00454773	FUN_004546a0	0x004546A0	MOV	1	ESI	r	MOV AL,byte ptr [ESI + 0xc9]
0xC9	0x004547C3	FUN_004546a0	0x004546A0	MOVZX	1	ESI	r	MOVZX ECX,byte ptr [ESI + 0xc9]
0xC9	0x004547F9	FUN_004546a0	0x004546A0	MOV	0	ESI	w	MOV byte ptr [ESI + 0xc9],0x3d
0xC9	0x00454AA8	FUN_00454a80	0x00454A80	MOV	0	ESI	w	MOV byte ptr [ESI + 0xc9],BL
0xC9	0x0046522D	FUN_00465200	0x00465200	MOV	1	EDI	r	MOV BL,byte ptr [EDI + 0xc9]
0xC9	0x004652FD	FUN_004652a0	0x004652A0	DEC	0	ECX	rw	DEC byte ptr [ECX + 0xc9]
0xC9	0x00465B8C	FUN_00465a60	0x00465A60	MOVZX	1	ESI	r	MOVZX EDX,byte ptr [ESI + 0xc9]
0xC9	0x004661B1	FUN_00466170	0x00466170	CMP	0	ESI	r	CMP byte ptr [ESI + 0xc9],BL
0xC9	0x0046624B	FUN_00466170	0x00466170	MOV	1	ESI	r	MOV DL,byte ptr [ESI + 0xc9]
0xC9	0x00466257	FUN_00466170	0x00466170	MOV	0	ESI	w	MOV byte ptr [ESI + 0xc9],DL
0xC9	0x004662AB	FUN_00466270	0x00466270	DEC	0	ECX	rw	DEC byte ptr [ECX + 0xc9]
0xC9	0x00466591	FUN_00466440	0x00466440	MOV	1	ESI	r	MOV AL,byte ptr [ESI + 0xc9]
0xC9	0x0046659C	FUN_00466440	0x00466440	MOV	0	ESI	w	MOV byte ptr [ESI + 0xc9],AL
0xC9	0x0046D7BA	FUN_0046d610	0x0046D610	CMP	0	ESI	r	CMP byte ptr [ESI + 0xc9],0x3d
0xC9	0x0046E3B2	FUN_0046e1c0	0x0046E1C0	CMP	0	ESI	r	CMP byte ptr [ESI + 0xc9],0x3d
0xC9	0x0046E411	FUN_0046e1c0	0x0046E1C0	CMP	0	ESI	r	CMP byte ptr [ESI + 0xc9],0x3d
0xC9	0x0046E450	FUN_0046e1c0	0x0046E1C0	MOV	1	ESI	r	MOV CL,byte ptr [ESI + 0xc9]
0xC9	0x004761C1	FUN_00476180	0x00476180	MOV	1	ECX	r	MOV BL,byte ptr [ECX + 0xc9]
0xC9	0x0047CA66	FUN_0047c9f0	0x0047C9F0	CMP	0	EDI	r	CMP byte ptr [EDI + 0xc9],0x3d
0xC9	0x00493892	FUN_00493790	0x00493790	CMP	0	ESI	r	CMP byte ptr [ESI + 0xc9],0x3d
0xC9	0x0049E861	FUN_0049e790	0x0049E790	CMP	0	EAX	r	CMP byte ptr [EAX + 0xc9],0x2e
0xC9	0x0049E86A	FUN_0049e790	0x0049E790	MOV	0	EAX	w	MOV byte ptr [EAX + 0xc9],DL
0xC9	0x0049EED7	FUN_0049ecf0	0x0049ECF0	MOV	0	EDI	w	MOV byte ptr [EDI + 0xc9],0x3d
0xC9	0x0049FD50	FUN_0049fd00	0x0049FD00	CMP	0	ESI	r	CMP byte ptr [ESI + 0xc9],0x3d
0xC9	0x004C1663	FUN_004c1620	0x004C1620	CMP	0	ESI	r	CMP byte ptr [ESI + 0xc9],0x3d
0xC9	0x004E2F72	FUN_004e2e20	0x004E2E20	MOV	1	ESI	r	MOV AL,byte ptr [ESI + 0xc9]
0xC9	0x004F6646	FUN_004f65b0	0x004F65B0	MOVZX	1	EAX	r	MOVZX EAX,byte ptr [EAX + 0xc9]
0xCD	0x00454276	FUN_00454220	0x00454220	MOV	0	ESI	w	MOV byte ptr [ESI + 0xcd],AL
0xCD	0x004542E9	FUN_00454280	0x00454280	MOV	0	ESI	w	MOV byte ptr [ESI + 0xcd],0x0
0xCD	0x00454709	FUN_004546a0	0x004546A0	CMP	1	ESI	r	CMP AL,byte ptr [ESI + 0xcd]
0xCD	0x00454751	FUN_004546a0	0x004546A0	CMP	1	ESI	r	CMP AL,byte ptr [ESI + 0xcd]
0xCD	0x00454764	FUN_004546a0	0x004546A0	MOV	1	ESI	r	MOV DL,byte ptr [ESI + 0xcd]
0xCD	0x00454800	FUN_004546a0	0x004546A0	MOV	0	ESI	w	MOV byte ptr [ESI + 0xcd],0x0
0xCD	0x00454AE8	FUN_00454a80	0x00454A80	MOV	0	ESI	w	MOV byte ptr [ESI + 0xcd],AL
0xCD	0x004E2F7C	FUN_004e2e20	0x004E2E20	MOV	1	ESI	r	MOV CL,byte ptr [ESI + 0xcd]
0xCD	0x004E2FB2	FUN_004e2e20	0x004E2E20	MOV	0	ESI	w	MOV byte ptr [ESI + 0xcd],AL
